Model,Brand,Category,Product_Source_URL,Price_Source_URL,Accessed_Date,Source_Type,Traceability_Note,Price_Coding_Note,Mass_Basis,Lifespan_Basis,Original_Source_Type,Original_Product_Source_URL,Original_Price_Source_URL,SKU_or_Style_Code,Local_HTML_Artifact,Local_PDF_Artifact,Local_Screenshot_Artifact,Archive_URL,Capture_Status,Original_Mass_Basis_V1,Stored_Mass_kg_v1,Single_Shoe_Reference_Mass_kg_v2,Pair_Mass_kg_v2,Mass_Calibration_Source,Mass_Calibration_Factor,Official_Weight_URL,Official_Weight_Basis,Stated_Size_or_Context,Validation_Status,Mass_Calibration_Note
Nike Pegasus 41,Nike,Running,https://www.nike.com/t/pegasus-41-mens-road-running-shoes-extra-wide-R6tpoXaD/FN4932-002,https://www.nike.com/t/pegasus-41-mens-road-running-shoes-extra-wide-R6tpoXaD/FN4932-002,2026-03-30,official_exact_pdp,"Official Nike Pegasus family page used because a stable non-color-specific Pegasus 41 PDP was not surfaced during reconstruction. 2026-03-30: upgraded from Nike collection page to exact US PDP via official search result; listing confirms Style FN4932-002 and weight disclosure on-page. HTML/PDF/screenshot artifacts exist locally, but the timed rerun still logged an HTML timeout. Local HTML/PDF/screenshot captures are archived in archived_specs for the Phase 1 provenance-hardening pass. 2026-03-30: upgraded from Nike collection page to exact US PDP via official search result; listing confirms Style FN4932-002 and weight disclosure on-page. HTML/PDF/screenshot artifacts exist locally, but the timed rerun still logged an HTML timeout. Local HTML/PDF/screenshot captures are archived in archived_specs for the Phase 1 provenance-hardening pass.","Released dataset price was coded from a public listing during March 2026; the recovered page may now show a later markdown, a regional listing, or a colorway-specific SKU.",V2 pair mass is defined as 2 x the official single-shoe disclosure (0.297 kg per shoe; 0.594 kg per pair) without additional size correction. Official context: Men's US 10. The v1 stored proxy (0.320 kg) is retained only as the original screening reference.,Daily-use screening assumption for high-mileage performance footwear.,official_exact_pdp,https://www.nike.com/t/pegasus-41-mens-road-running-shoes-extra-wide-R6tpoXaD/FN4932-002,https://www.nike.com/t/pegasus-41-mens-road-running-shoes-extra-wide-R6tpoXaD/FN4932-002,FN4932-002,archived_specs/canonical_40_live_html_captures/nike_pegasus_41.html,archived_specs/canonical_40_live_pdf_captures/nike_pegasus_41.pdf,archived_specs/canonical_40_screenshots/nike_pegasus_41.png,,capture_attempt_incomplete,"Screening stored reference mass anchored to comparable running footwear using Engineered mesh, ReactX foam, and Rubber construction.",0.32,0.297,0.594,official_single_shoe_disclosure,1.856,https://www.nike.com/t/pegasus-41-mens-road-running-shoes-extra-wide-R6tpoXaD/FN4932-002,official_single_shoe_disclosure,Men's US 10,validated_official_weight_disclosure,Official single-shoe disclosure used for v2 calibration; pair mass set to 2 x 0.297 kg.
Brooks Ghost 17,Brooks,Running,https://www.brooksrunning.com/en_us/ghost-17/1104421D432.080.html,https://www.brooksrunning.com/en_us/ghost-17/1104421D432.080.html,2026-03-30,official_exact_pdp,Exact Brooks Ghost 17 product page recovered. Local HTML/PDF/screenshot capture completed. Local HTML/PDF/screenshot captures are archived in archived_specs for the Phase 1 provenance-hardening pass. Local HTML/PDF/screenshot capture completed. Local HTML/PDF/screenshot captures are archived in archived_specs for the Phase 1 provenance-hardening pass.,"Released dataset price was coded from a public listing during March 2026; the recovered page may now show a later markdown, a regional listing, or a colorway-specific SKU.",V2 pair mass is defined as 2 x the official single-shoe disclosure (0.286 kg per shoe; 0.573 kg per pair) without additional size correction. Official context: Not stated in captured excerpt. The v1 stored proxy (0.320 kg) is retained only as the original screening reference.,Daily-use screening assumption for high-mileage performance footwear.,official_exact_pdp,https://www.brooksrunning.com/en_us/ghost-17/1104421D432.080.html,https://www.brooksrunning.com/en_us/ghost-17/1104421D432.080.html,,archived_specs/canonical_40_live_html_captures/brooks_ghost_17.html,archived_specs/canonical_40_live_pdf_captures/brooks_ghost_17.pdf,archived_specs/canonical_40_screenshots/brooks_ghost_17.png,,captured_cleanly,"Screening stored reference mass anchored to comparable running footwear using Engineered mesh, DNA Loft v3 foam, and Rubber construction.",0.32,0.2863,0.5726,official_single_shoe_disclosure,1.789,https://www.brooksrunning.com/en_us/ghost-17/1104421D432.080.html,official_single_shoe_disclosure,Not stated in captured excerpt,validated_official_weight_disclosure,Official single-shoe disclosure used for v2 calibration; pair mass set to 2 x 0.286 kg.
Hoka Clifton 9,Hoka,Running,https://au.hoka.com/products/m-clifton-9-1127895-blcks-blcks,https://au.hoka.com/products/m-clifton-9-1127895-blcks-blcks,2026-03-30,official_regional_pdp,Exact HOKA AU Clifton 9 product page used because an equivalent US PDP was not surfaced during reconstruction. 2026-03-30: exact AU regional PDP confirmed still live; no equivalent US exact PDP confirmed in this pass. Local HTML/PDF/screenshot capture completed. Local HTML/PDF/screenshot captures are archived in archived_specs for the Phase 1 provenance-hardening pass. 2026-03-30: exact AU regional PDP confirmed still live; no equivalent US exact PDP confirmed in this pass. Local HTML/PDF/screenshot capture completed. Local HTML/PDF/screenshot captures are archived in archived_specs for the Phase 1 provenance-hardening pass.,"Released dataset price was coded from a public listing during March 2026; the recovered page may now show a later markdown, a regional listing, or a colorway-specific SKU.",V2 pair mass is defined as 2 x the v1 stored reference mass proxy (0.280 kg single-shoe-scale proxy; 0.560 kg explicit pair mass) because no official single-shoe disclosure was recovered in the public-weight validation subset.,Moderate-use screening assumption for versatile athletic footwear or lighter lifestyle/cleated constructions.,official_regional_pdp,https://au.hoka.com/products/m-clifton-9-1127895-blcks-blcks,https://au.hoka.com/products/m-clifton-9-1127895-blcks-blcks,1127895-BLCKS-BLCKS,archived_specs/canonical_40_live_html_captures/hoka_clifton_9.html,archived_specs/canonical_40_live_pdf_captures/hoka_clifton_9.pdf,archived_specs/canonical_40_screenshots/hoka_clifton_9.png,,captured_cleanly,"Screening stored reference mass anchored to comparable running footwear using Mesh upper, EVA-based, and Rubber construction.",0.28,0.28,0.56,doubled_stored_proxy,2.0,,,,,No official single-shoe disclosure recovered; pair mass set to 2 x the v1 stored proxy (0.280 kg).
Adidas Ultraboost Light,Adidas,Running,https://www.adidas.com/us/ultraboost-light-running-shoes/GZ5159.html,https://www.adidas.com/us/ultraboost-light-running-shoes/GZ5159.html,2026-03-30,official_exact_pdp,Exact adidas Ultraboost Light product page recovered. Local HTML/PDF/screenshot capture completed. Local HTML/PDF/screenshot captures are archived in archived_specs for the Phase 1 provenance-hardening pass. Local HTML/PDF/screenshot capture completed. Local HTML/PDF/screenshot captures are archived in archived_specs for the Phase 1 provenance-hardening pass.,"Released dataset price was coded from a public listing during March 2026; the recovered page may now show a later markdown, a regional listing, or a colorway-specific SKU.",V2 pair mass is defined as 2 x the official single-shoe disclosure (0.299 kg per shoe; 0.598 kg per pair) without additional size correction. Official context: CO size 40.5 on official adidas locale page. The v1 stored proxy (0.300 kg) is retained only as the original screening reference.,Daily-use screening assumption for high-mileage performance footwear.,official_exact_pdp,https://www.adidas.com/us/ultraboost-light-running-shoes/GZ5159.html,https://www.adidas.com/us/ultraboost-light-running-shoes/GZ5159.html,,archived_specs/canonical_40_live_html_captures/adidas_ultraboost_light.html,archived_specs/canonical_40_live_pdf_captures/adidas_ultraboost_light.pdf,archived_specs/canonical_40_screenshots/adidas_ultraboost_light.png,,captured_cleanly,"Screening stored reference mass anchored to comparable running footwear using Primeknit, Boost foam, and Continental rubber construction.",0.3,0.299,0.598,official_single_shoe_disclosure,1.993,https://www.adidas.com/cr/es/IE5828.html,official_single_shoe_disclosure,CO size 40.5 on official adidas locale page,validated_official_weight_disclosure,Official single-shoe disclosure used for v2 calibration; pair mass set to 2 x 0.299 kg.
ASICS Gel-Kayano 31,ASICS,Running,https://www.asics.com/ph/en-ph/gel-kayano-31/p/1011B867-023.html,https://www.asics.com/ph/en-ph/gel-kayano-31/p/1011B867-023.html,2026-03-30,official_regional_pdp,Official ASICS Gel-Kayano 31 collection page used because a stable single-SKU US PDP was not surfaced during reconstruction. Upgraded from collection page to a live exact regional ASICS PDP. Local HTML/PDF/screenshot capture completed. Local HTML/PDF/screenshot captures are archived in archived_specs for the Phase 1 provenance-hardening pass. Upgraded from collection page to a live exact regional ASICS PDP. Local HTML/PDF/screenshot capture completed. Local HTML/PDF/screenshot captures are archived in archived_specs for the Phase 1 provenance-hardening pass.,"Released dataset price was coded from a public listing during March 2026; the recovered page may now show a later markdown, a regional listing, or a colorway-specific SKU.",V2 pair mass is defined as 2 x the official single-shoe disclosure (0.305 kg per shoe; 0.610 kg per pair) without additional size correction. Official context: Not stated in official excerpt. The v1 stored proxy (0.340 kg) is retained only as the original screening reference.,Daily-use screening assumption for high-mileage performance footwear.,official_regional_pdp,https://www.asics.com/ph/en-ph/gel-kayano-31/p/1011B867-023.html,https://www.asics.com/ph/en-ph/gel-kayano-31/p/1011B867-023.html,1011B867-023,archived_specs/canonical_40_live_html_captures/asics_gel_kayano_31.html,archived_specs/canonical_40_live_pdf_captures/asics_gel_kayano_31.pdf,archived_specs/canonical_40_screenshots/asics_gel_kayano_31.png,,captured_cleanly,"Screening stored reference mass anchored to comparable running footwear using Mesh upper, FF Blast+ foam, and ASICSGRIP construction.",0.34,0.305,0.61,official_single_shoe_disclosure,1.794,https://www.asics.com/gb/en-gb/gel-kayano-31/p/1011B867-002.html?width=Standard,official_single_shoe_disclosure,Not stated in official excerpt,validated_official_weight_disclosure,Official single-shoe disclosure used for v2 calibration; pair mass set to 2 x 0.305 kg.
New Balance Fresh Foam X 1080v13,New Balance,Running,https://www.newbalance.com/pd/fresh-foam-x-1080v13/W1080V13-43098.html,https://www.newbalance.com/pd/fresh-foam-x-1080v13/W1080V13-43098.html,2026-03-30,official_exact_pdp,Exact New Balance 1080v13 product page recovered. Local HTML/PDF/screenshot capture completed. Local HTML/PDF/screenshot captures are archived in archived_specs for the Phase 1 provenance-hardening pass. Local HTML/PDF/screenshot capture completed. Local HTML/PDF/screenshot captures are archived in archived_specs for the Phase 1 provenance-hardening pass.,"Released dataset price was coded from a public listing during March 2026; the recovered page may now show a later markdown, a regional listing, or a colorway-specific SKU.",V2 pair mass is defined as 2 x the official single-shoe disclosure (0.206 kg per shoe; 0.412 kg per pair) without additional size correction. Official context: Women's model; size not stated in official excerpt. The v1 stored proxy (0.310 kg) is retained only as the original screening reference.,Daily-use screening assumption for high-mileage performance footwear.,official_exact_pdp,https://www.newbalance.com/pd/fresh-foam-x-1080v13/W1080V13-43098.html,https://www.newbalance.com/pd/fresh-foam-x-1080v13/W1080V13-43098.html,,archived_specs/canonical_40_live_html_captures/new_balance_fresh_foam_x_1080v13.html,archived_specs/canonical_40_live_pdf_captures/new_balance_fresh_foam_x_1080v13.pdf,archived_specs/canonical_40_screenshots/new_balance_fresh_foam_x_1080v13.png,,captured_cleanly,"Screening stored reference mass anchored to comparable running footwear using Hypoknit mesh, Fresh Foam X, and Rubber construction.",0.31,0.206,0.412,official_single_shoe_disclosure,1.329,https://www.newbalance.com/pd/fresh-foam-x-1080v13/W1080V13-43098.html,official_single_shoe_disclosure,Women's model; size not stated in official excerpt,validated_official_weight_disclosure,Official single-shoe disclosure used for v2 calibration; pair mass set to 2 x 0.206 kg.
Saucony Ride 17,Saucony,Running,https://www.saucony.com/en/ride-17/58858W.html,https://www.saucony.com/en/ride-17/58858W.html,2026-03-30,official_exact_pdp,Exact Saucony Ride 17 product page recovered. Local HTML/PDF/screenshot capture completed. Local HTML/PDF/screenshot captures are archived in archived_specs for the Phase 1 provenance-hardening pass. Local HTML/PDF/screenshot capture completed. Local HTML/PDF/screenshot captures are archived in archived_specs for the Phase 1 provenance-hardening pass.,"Released dataset price was coded from a public listing during March 2026; the recovered page may now show a later markdown, a regional listing, or a colorway-specific SKU.",V2 pair mass is defined as 2 x the official single-shoe disclosure (0.238 kg per shoe; 0.476 kg per pair) without additional size correction. Official context: Women's model; size not stated in official excerpt. The v1 stored proxy (0.290 kg) is retained only as the original screening reference.,Daily-use screening assumption for high-mileage performance footwear.,official_exact_pdp,https://www.saucony.com/en/ride-17/58858W.html,https://www.saucony.com/en/ride-17/58858W.html,,archived_specs/canonical_40_live_html_captures/saucony_ride_17.html,archived_specs/canonical_40_live_pdf_captures/saucony_ride_17.pdf,archived_specs/canonical_40_screenshots/saucony_ride_17.png,,captured_cleanly,"Screening stored reference mass anchored to comparable running footwear using Engineered mesh, PWRRUN+ foam, and Rubber construction.",0.29,0.238,0.476,official_single_shoe_disclosure,1.641,https://www.saucony.com/en/ride-17/58858W.html,official_single_shoe_disclosure,Women's model; size not stated in official excerpt,validated_official_weight_disclosure,Official single-shoe disclosure used for v2 calibration; pair mass set to 2 x 0.238 kg.
On Cloudmonster,On,Running,https://www.on.com/en-us/products/cloudmonster-61/mens/,https://www.on.com/en-us/products/cloudmonster-61/mens/,2026-03-30,official_exact_pdp,"Official On Cloudmonster model-family page used because a single color-specific PDP was not required for model identification. Upgraded from collection page to a live exact On product page. Local capture may degrade to a JS shell, so PDF and screenshot matter most. Local HTML/PDF/screenshot capture completed. Local HTML/PDF/screenshot captures are archived in archived_specs for the Phase 1 provenance-hardening pass. Upgraded from collection page to a live exact On product page. Local capture may degrade to a JS shell, so PDF and screenshot matter most. Local HTML/PDF/screenshot capture completed. Local HTML/PDF/screenshot captures are archived in archived_specs for the Phase 1 provenance-hardening pass.","Released dataset price was coded from a public listing during March 2026; the recovered page may now show a later markdown, a regional listing, or a colorway-specific SKU.",V2 pair mass is defined as 2 x the official single-shoe disclosure (0.275 kg per shoe; 0.550 kg per pair) without additional size correction. Official context: Not stated in captured excerpt. The v1 stored proxy (0.270 kg) is retained only as the original screening reference.,Daily-use screening assumption for high-mileage performance footwear.,official_exact_pdp,https://www.on.com/en-us/products/cloudmonster-61/mens/,https://www.on.com/en-us/products/cloudmonster-61/mens/,,archived_specs/canonical_40_live_html_captures/on_cloudmonster.html,archived_specs/canonical_40_live_pdf_captures/on_cloudmonster.pdf,archived_specs/canonical_40_screenshots/on_cloudmonster.png,,captured_cleanly,"Screening stored reference mass anchored to comparable running footwear using Engineered mesh, CloudTec, and Rubber construction.",0.27,0.275,0.55,official_single_shoe_disclosure,2.037,https://www.on.com/en-us/products/cloudmonster-61/mens/,official_single_shoe_disclosure,Not stated in captured excerpt,validated_official_weight_disclosure,Official single-shoe disclosure used for v2 calibration; pair mass set to 2 x 0.275 kg.
Mizuno Wave Rider 27,Mizuno,Running,https://usa.mizuno.com/wave-rider-27/,https://usa.mizuno.com/wave-rider-27/,2026-03-30,official_collection_page,Official Mizuno Wave Rider 27 model page used because a stable single-SKU PDP was not surfaced during reconstruction. Current Mizuno model-family page retained; an exact product PDP was not surfaced in this pass. Local HTML/PDF/screenshot capture completed. Local HTML/PDF/screenshot captures are archived in archived_specs for the Phase 1 provenance-hardening pass. Current Mizuno model-family page retained; an exact product PDP was not surfaced in this pass. Local HTML/PDF/screenshot capture completed. Local HTML/PDF/screenshot captures are archived in archived_specs for the Phase 1 provenance-hardening pass.,"Released dataset price was coded from a public listing during March 2026; the recovered page may now show a later markdown, a regional listing, or a colorway-specific SKU.",V2 pair mass is defined as 2 x the official single-shoe disclosure (0.260 kg per shoe; 0.520 kg per pair) without additional size correction. Official context: Not stated in official excerpt. The v1 stored proxy (0.300 kg) is retained only as the original screening reference.,Daily-use screening assumption for high-mileage performance footwear.,official_collection_page,https://usa.mizuno.com/wave-rider-27/,https://usa.mizuno.com/wave-rider-27/,,archived_specs/canonical_40_live_html_captures/mizuno_wave_rider_27.html,archived_specs/canonical_40_live_pdf_captures/mizuno_wave_rider_27.pdf,archived_specs/canonical_40_screenshots/mizuno_wave_rider_27.png,,captured_cleanly,"Screening stored reference mass anchored to comparable running footwear using AIRmesh, Mizuno Enerzy, and Rubber construction.",0.3,0.26,0.52,official_single_shoe_disclosure,1.733,https://emea.mizuno.com/eu/nl/wave-rider-27/J1GC230304.html,official_single_shoe_disclosure,Not stated in official excerpt,validated_official_weight_disclosure,Official single-shoe disclosure used for v2 calibration; pair mass set to 2 x 0.260 kg.
Under Armour HOVR Phantom 3,Under Armour,Running,https://www.underarmour.com/en-us/p/dia_de_la_madre/ua_hovr_phantom_3_womens_running_shoes/3025517.html,https://www.underarmour.com/en-us/p/dia_de_la_madre/ua_hovr_phantom_3_womens_running_shoes/3025517.html,2026-03-30,official_exact_pdp,Exact Under Armour HOVR Phantom 3 product page recovered. Local HTML/PDF/screenshot capture completed. Local HTML/PDF/screenshot captures are archived in archived_specs for the Phase 1 provenance-hardening pass. Local HTML/PDF/screenshot capture completed. Local HTML/PDF/screenshot captures are archived in archived_specs for the Phase 1 provenance-hardening pass.,"Released dataset price was coded from a public listing during March 2026; the recovered page may now show a later markdown, a regional listing, or a colorway-specific SKU.",V2 pair mass is defined as 2 x the official single-shoe disclosure (0.261 kg per shoe; 0.522 kg per pair) without additional size correction. Official context: Women's model; size not stated in official excerpt. The v1 stored proxy (0.330 kg) is retained only as the original screening reference.,Daily-use screening assumption for high-mileage performance footwear.,official_exact_pdp,https://www.underarmour.com/en-us/p/dia_de_la_madre/ua_hovr_phantom_3_womens_running_shoes/3025517.html,https://www.underarmour.com/en-us/p/dia_de_la_madre/ua_hovr_phantom_3_womens_running_shoes/3025517.html,,archived_specs/canonical_40_live_html_captures/under_armour_hovr_phantom_3.html,archived_specs/canonical_40_live_pdf_captures/under_armour_hovr_phantom_3.pdf,archived_specs/canonical_40_screenshots/under_armour_hovr_phantom_3.png,,captured_cleanly,"Screening stored reference mass anchored to comparable running footwear using Warp upper, HOVR foam, and Rubber construction.",0.33,0.2608,0.5216,official_single_shoe_disclosure,1.581,https://www.underarmour.com/en-us/p/running/ua_hovr_phantom_3_womens_running_shoes/3025517.html,official_single_shoe_disclosure,Women's model; size not stated in official excerpt,validated_official_weight_disclosure,Official single-shoe disclosure used for v2 calibration; pair mass set to 2 x 0.261 kg.
Nike Sabrina 2,Nike,Basketball,https://www.nike.com/t/sabrina-2-court-vision-basketball-shoes-vvfGFS/FQ2174-002,https://www.nike.com/t/sabrina-2-court-vision-basketball-shoes-vvfGFS/FQ2174-002,2026-03-30,official_exact_pdp,Exact Nike Sabrina 2 product page recovered. Local HTML/PDF/screenshot capture completed. Local HTML/PDF/screenshot captures are archived in archived_specs for the Phase 1 provenance-hardening pass. Local HTML/PDF/screenshot capture completed. Local HTML/PDF/screenshot captures are archived in archived_specs for the Phase 1 provenance-hardening pass.,"Released dataset price was coded from a public listing during March 2026; the recovered page may now show a later markdown, a regional listing, or a colorway-specific SKU.",V2 pair mass is defined as 2 x the v1 stored reference mass proxy (0.380 kg single-shoe-scale proxy; 0.760 kg explicit pair mass) because no official single-shoe disclosure was recovered in the public-weight validation subset.,Moderate-use screening assumption for versatile athletic footwear or lighter lifestyle/cleated constructions.,official_exact_pdp,https://www.nike.com/t/sabrina-2-court-vision-basketball-shoes-vvfGFS/FQ2174-002,https://www.nike.com/t/sabrina-2-court-vision-basketball-shoes-vvfGFS/FQ2174-002,,archived_specs/canonical_40_live_html_captures/nike_sabrina_2.html,archived_specs/canonical_40_live_pdf_captures/nike_sabrina_2.pdf,archived_specs/canonical_40_screenshots/nike_sabrina_2.png,,captured_cleanly,"Screening stored reference mass anchored to comparable basketball footwear using Textile upper, Cushlon foam, and Rubber construction.",0.38,0.38,0.76,doubled_stored_proxy,2.0,,,,,No official single-shoe disclosure recovered; pair mass set to 2 x the v1 stored proxy (0.380 kg).
Nike LeBron 21,Nike,Basketball,https://www.nike.com/t/lebron-xxi-prime-93-basketball-shoes-Bf5XLuQv,https://www.nike.com/t/lebron-xxi-prime-93-basketball-shoes-Bf5XLuQv,2026-03-30,official_exact_pdp,Exact Nike LeBron 21 product page recovered for a representative colorway within the LeBron 21 model family. Local HTML/PDF/screenshot capture completed. Local HTML/PDF/screenshot captures are archived in archived_specs for the Phase 1 provenance-hardening pass. Local HTML/PDF/screenshot capture completed. Local HTML/PDF/screenshot captures are archived in archived_specs for the Phase 1 provenance-hardening pass.,"Released dataset price was coded from a public listing during March 2026; the recovered page may now show a later markdown, a regional listing, or a colorway-specific SKU.",V2 pair mass is defined as 2 x the v1 stored reference mass proxy (0.420 kg single-shoe-scale proxy; 0.840 kg explicit pair mass) because no official single-shoe disclosure was recovered in the public-weight validation subset.,Longer-life screening assumption for sturdier performance or partial-/full-leather constructions.,official_exact_pdp,https://www.nike.com/t/lebron-xxi-prime-93-basketball-shoes-Bf5XLuQv,https://www.nike.com/t/lebron-xxi-prime-93-basketball-shoes-Bf5XLuQv,,archived_specs/canonical_40_live_html_captures/nike_lebron_21.html,archived_specs/canonical_40_live_pdf_captures/nike_lebron_21.pdf,archived_specs/canonical_40_screenshots/nike_lebron_21.png,,captured_cleanly,"Screening stored reference mass anchored to comparable basketball footwear using Mesh/synthetic, Zoom Air, and Rubber construction.",0.42,0.42,0.84,doubled_stored_proxy,2.0,,,,,No official single-shoe disclosure recovered; pair mass set to 2 x the v1 stored proxy (0.420 kg).
Nike KD 17,Nike,Basketball,https://www.nike.com/ca/t/kd17-basketball-shoes-mRGfPx,https://www.nike.com/ca/t/kd17-basketball-shoes-mRGfPx,2026-03-30,official_regional_pdp,Official Nike Canada KD17 product page used because an equivalent US PDP was not surfaced during reconstruction. 2026-03-30: current Nike CA regional PDP confirms Style FJ9487-800; no clean US exact PDP surfaced in this pass. Local HTML/PDF/screenshot capture completed. Local HTML/PDF/screenshot captures are archived in archived_specs for the Phase 1 provenance-hardening pass. 2026-03-30: current Nike CA regional PDP confirms Style FJ9487-800; no clean US exact PDP surfaced in this pass. Local HTML/PDF/screenshot capture completed. Local HTML/PDF/screenshot captures are archived in archived_specs for the Phase 1 provenance-hardening pass.,"Released dataset price was coded from a public listing during March 2026; the recovered page may now show a later markdown, a regional listing, or a colorway-specific SKU.",V2 pair mass is defined as 2 x the v1 stored reference mass proxy (0.360 kg single-shoe-scale proxy; 0.720 kg explicit pair mass) because no official single-shoe disclosure was recovered in the public-weight validation subset.,Moderate-use screening assumption for versatile athletic footwear or lighter lifestyle/cleated constructions.,official_regional_pdp,https://www.nike.com/ca/t/kd17-basketball-shoes-mRGfPx,https://www.nike.com/ca/t/kd17-basketball-shoes-mRGfPx,FJ9487-800,archived_specs/canonical_40_live_html_captures/nike_kd_17.html,archived_specs/canonical_40_live_pdf_captures/nike_kd_17.pdf,archived_specs/canonical_40_screenshots/nike_kd_17.png,,captured_cleanly,"Screening stored reference mass anchored to comparable basketball footwear using Textile mesh + TPU, Zoom Air, and Rubber construction.",0.36,0.36,0.72,doubled_stored_proxy,2.0,,,,,No official single-shoe disclosure recovered; pair mass set to 2 x the v1 stored proxy (0.360 kg).
Adidas Harden Vol. 8,Adidas,Basketball,https://news.adidas.com/basketball/adidas-basketball-launches-the-harden-vol-8/s/48f1c5a8-78b4-46af-a589-9135de95b6ed,https://news.adidas.com/basketball/adidas-basketball-launches-the-harden-vol-8/s/48f1c5a8-78b4-46af-a589-9135de95b6ed,2026-03-30,official_release_page,Official adidas Harden Vol. 8 collection page used because a stable single-SKU PDP was not surfaced during reconstruction. Original adidas collection URL now appears inactive; switched to the live official adidas Basketball release page as the strongest current official source. Local HTML/PDF/screenshot capture completed. Local HTML/PDF/screenshot captures are archived in archived_specs for the Phase 1 provenance-hardening pass. Original adidas collection URL now appears inactive; switched to the live official adidas Basketball release page as the strongest current official source. Local HTML/PDF/screenshot capture completed. Local HTML/PDF/screenshot captures are archived in archived_specs for the Phase 1 provenance-hardening pass.,"Released dataset price was coded from a public listing during March 2026; the recovered page may now show a later markdown, a regional listing, or a colorway-specific SKU.",V2 pair mass is defined as 2 x the v1 stored reference mass proxy (0.400 kg single-shoe-scale proxy; 0.800 kg explicit pair mass) because no official single-shoe disclosure was recovered in the public-weight validation subset.,Moderate-use screening assumption for versatile athletic footwear or lighter lifestyle/cleated constructions.,official_release_page,https://news.adidas.com/basketball/adidas-basketball-launches-the-harden-vol-8/s/48f1c5a8-78b4-46af-a589-9135de95b6ed,https://news.adidas.com/basketball/adidas-basketball-launches-the-harden-vol-8/s/48f1c5a8-78b4-46af-a589-9135de95b6ed,,archived_specs/canonical_40_live_html_captures/adidas_harden_vol_8.html,archived_specs/canonical_40_live_pdf_captures/adidas_harden_vol_8.pdf,archived_specs/canonical_40_screenshots/adidas_harden_vol_8.png,,captured_cleanly,"Screening stored reference mass anchored to comparable basketball footwear using Synthetic upper, Boost + Lightstrike, and Rubber construction.",0.4,0.4,0.8,doubled_stored_proxy,2.0,,,,,No official single-shoe disclosure recovered; pair mass set to 2 x the v1 stored proxy (0.400 kg).
Nike Zoom GT Cut 3,Nike,Basketball,https://www.nike.com/t/gt-cut-3-basketball-shoes-GLHCGc/DV2913-001,https://www.nike.com/t/gt-cut-3-basketball-shoes-GLHCGc/DV2913-001,2026-03-30,official_exact_pdp,Official Nike release page used because it documents the GT Cut 3 technical description and launch context; a stable exact US PDP was not surfaced during reconstruction. Upgraded from release-page citation to a live exact Nike PDP. Local HTML/PDF/screenshot capture completed. Local HTML/PDF/screenshot captures are archived in archived_specs for the Phase 1 provenance-hardening pass. Upgraded from release-page citation to a live exact Nike PDP. Local HTML/PDF/screenshot capture completed. Local HTML/PDF/screenshot captures are archived in archived_specs for the Phase 1 provenance-hardening pass.,"Released dataset price was coded from a public listing during March 2026; the recovered page may now show a later markdown, a regional listing, or a colorway-specific SKU.",V2 pair mass is defined as 2 x the v1 stored reference mass proxy (0.350 kg single-shoe-scale proxy; 0.700 kg explicit pair mass) because no official single-shoe disclosure was recovered in the public-weight validation subset.,Moderate-use screening assumption for versatile athletic footwear or lighter lifestyle/cleated constructions.,official_exact_pdp,https://www.nike.com/t/gt-cut-3-basketball-shoes-GLHCGc/DV2913-001,https://www.nike.com/t/gt-cut-3-basketball-shoes-GLHCGc/DV2913-001,II6580-001,archived_specs/canonical_40_live_html_captures/nike_zoom_gt_cut_3.html,archived_specs/canonical_40_live_pdf_captures/nike_zoom_gt_cut_3.pdf,archived_specs/canonical_40_screenshots/nike_zoom_gt_cut_3.png,,captured_cleanly,"Screening stored reference mass anchored to comparable basketball footwear using Mesh upper, React + Zoom Air, and Rubber construction.",0.35,0.35,0.7,doubled_stored_proxy,2.0,,,,,No official single-shoe disclosure recovered; pair mass set to 2 x the v1 stored proxy (0.350 kg).
Adidas AE 1,Adidas,Basketball,https://www.adidas.com/us/anthony-edwards-1-low-shoes/JS0646.html,https://www.adidas.com/us/anthony-edwards-1-low-shoes/JS0646.html,2026-03-30,official_exact_pdp,Exact adidas Anthony Edwards 1 Low product page used as the released AE 1 reference. Local HTML/PDF/screenshot capture completed. Local HTML/PDF/screenshot captures are archived in archived_specs for the Phase 1 provenance-hardening pass. Local HTML/PDF/screenshot capture completed. Local HTML/PDF/screenshot captures are archived in archived_specs for the Phase 1 provenance-hardening pass.,"Released dataset price was coded from a public listing during March 2026; the recovered page may now show a later markdown, a regional listing, or a colorway-specific SKU.",V2 pair mass is defined as 2 x the v1 stored reference mass proxy (0.340 kg single-shoe-scale proxy; 0.680 kg explicit pair mass) because no official single-shoe disclosure was recovered in the public-weight validation subset.,Moderate-use screening assumption for versatile athletic footwear or lighter lifestyle/cleated constructions.,official_exact_pdp,https://www.adidas.com/us/anthony-edwards-1-low-shoes/JS0646.html,https://www.adidas.com/us/anthony-edwards-1-low-shoes/JS0646.html,,archived_specs/canonical_40_live_html_captures/adidas_ae_1.html,archived_specs/canonical_40_live_pdf_captures/adidas_ae_1.pdf,archived_specs/canonical_40_screenshots/adidas_ae_1.png,,captured_cleanly,"Screening stored reference mass anchored to comparable basketball footwear using Textile upper, Lightstrike, and Rubber construction.",0.34,0.34,0.68,doubled_stored_proxy,2.0,,,,,No official single-shoe disclosure recovered; pair mass set to 2 x the v1 stored proxy (0.340 kg).
Puma MB.03,Puma,Basketball,https://us.puma.com/us/en/pd/mb.03-lo-team-mens-basketball-shoes/310519.html,https://us.puma.com/us/en/pd/mb.03-lo-team-mens-basketball-shoes/310519.html,2026-03-30,official_exact_pdp,Exact PUMA MB.03 Lo Team product page used as the released MB.03 reference. Local HTML/PDF/screenshot capture completed. Local HTML/PDF/screenshot captures are archived in archived_specs for the Phase 1 provenance-hardening pass. Local HTML/PDF/screenshot capture completed. Local HTML/PDF/screenshot captures are archived in archived_specs for the Phase 1 provenance-hardening pass.,"Released dataset price was coded from a public listing during March 2026; the recovered page may now show a later markdown, a regional listing, or a colorway-specific SKU.",V2 pair mass is defined as 2 x the v1 stored reference mass proxy (0.330 kg single-shoe-scale proxy; 0.660 kg explicit pair mass) because no official single-shoe disclosure was recovered in the public-weight validation subset.,Moderate-use screening assumption for versatile athletic footwear or lighter lifestyle/cleated constructions.,official_exact_pdp,https://us.puma.com/us/en/pd/mb.03-lo-team-mens-basketball-shoes/310519.html,https://us.puma.com/us/en/pd/mb.03-lo-team-mens-basketball-shoes/310519.html,,archived_specs/canonical_40_live_html_captures/puma_mb_03.html,archived_specs/canonical_40_live_pdf_captures/puma_mb_03.pdf,archived_specs/canonical_40_screenshots/puma_mb_03.png,,captured_cleanly,"Screening stored reference mass anchored to comparable basketball footwear using Mesh upper, NITROFOAM, and Rubber construction.",0.33,0.33,0.66,doubled_stored_proxy,2.0,,,,,No official single-shoe disclosure recovered; pair mass set to 2 x the v1 stored proxy (0.330 kg).
Jordan Luka 2,Jordan,Basketball,https://www.nike.com/jp/en/t/luka-2-bred-basketball-shoes-CMxGK2,https://www.nike.com/jp/en/t/luka-2-bred-basketball-shoes-CMxGK2,2026-03-30,official_regional_pdp,Official Nike/Jordan release page used because it documents Luka 2 features and MSRP; a stable exact Jordan.com PDP was not surfaced during reconstruction. Live exact regional Nike/Jordan PDP confirmed; no current U.S. PDP surfaced in this pass. Local HTML/PDF/screenshot capture completed. Local HTML/PDF/screenshot captures are archived in archived_specs for the Phase 1 provenance-hardening pass. Live exact regional Nike/Jordan PDP confirmed; no current U.S. PDP surfaced in this pass. Local HTML/PDF/screenshot capture completed. Local HTML/PDF/screenshot captures are archived in archived_specs for the Phase 1 provenance-hardening pass.,"Released dataset price was coded from a public listing during March 2026; the recovered page may now show a later markdown, a regional listing, or a colorway-specific SKU.",V2 pair mass is defined as 2 x the v1 stored reference mass proxy (0.370 kg single-shoe-scale proxy; 0.740 kg explicit pair mass) because no official single-shoe disclosure was recovered in the public-weight validation subset.,Moderate-use screening assumption for versatile athletic footwear or lighter lifestyle/cleated constructions.,official_regional_pdp,https://www.nike.com/jp/en/t/luka-2-bred-basketball-shoes-CMxGK2,https://www.nike.com/jp/en/t/luka-2-bred-basketball-shoes-CMxGK2,DX8733-007,archived_specs/canonical_40_live_html_captures/jordan_luka_2.html,archived_specs/canonical_40_live_pdf_captures/jordan_luka_2.pdf,archived_specs/canonical_40_screenshots/jordan_luka_2.png,,captured_cleanly,"Screening stored reference mass anchored to comparable basketball footwear using Mesh/synthetic, Zoom Air, and Rubber construction.",0.37,0.37,0.74,doubled_stored_proxy,2.0,,,,,No official single-shoe disclosure recovered; pair mass set to 2 x the v1 stored proxy (0.370 kg).
New Balance TWO WXY v4,New Balance,Basketball,https://www.newbalance.com/pd/two-wxy-v4/BB2WYV4-46223.html,https://www.newbalance.com/pd/two-wxy-v4/BB2WYV4-46223.html,2026-03-30,official_exact_pdp,Exact New Balance TWO WXY v4 product page recovered. Local HTML/PDF/screenshot capture completed. Local HTML/PDF/screenshot captures are archived in archived_specs for the Phase 1 provenance-hardening pass. Local HTML/PDF/screenshot capture completed. Local HTML/PDF/screenshot captures are archived in archived_specs for the Phase 1 provenance-hardening pass.,"Released dataset price was coded from a public listing during March 2026; the recovered page may now show a later markdown, a regional listing, or a colorway-specific SKU.",V2 pair mass is defined as 2 x the official single-shoe disclosure (0.371 kg per shoe; 0.742 kg per pair) without additional size correction. Official context: Size not stated in official excerpt. The v1 stored proxy (0.360 kg) is retained only as the original screening reference.,Moderate-use screening assumption for versatile athletic footwear or lighter lifestyle/cleated constructions.,official_exact_pdp,https://www.newbalance.com/pd/two-wxy-v4/BB2WYV4-46223.html,https://www.newbalance.com/pd/two-wxy-v4/BB2WYV4-46223.html,,archived_specs/canonical_40_live_html_captures/new_balance_two_wxy_v4.html,archived_specs/canonical_40_live_pdf_captures/new_balance_two_wxy_v4.pdf,archived_specs/canonical_40_screenshots/new_balance_two_wxy_v4.png,,captured_cleanly,"Screening stored reference mass anchored to comparable basketball footwear using Synthetic mesh, FuelCell, and Rubber construction.",0.36,0.371,0.742,official_single_shoe_disclosure,2.061,https://www.newbalance.com/pd/two-wxy-v4/BB2WYV4-US-CA-NR4.html?dwvar_BB2WYV4-US-CA-NR4_style=BB2WYNR4,official_single_shoe_disclosure,Size not stated in official excerpt,validated_official_weight_disclosure,Official single-shoe disclosure used for v2 calibration; pair mass set to 2 x 0.371 kg.
Under Armour Curry 11,Under Armour,Basketball,https://www.underarmour.com/en-us/p/3027577.html,https://www.underarmour.com/en-us/p/3027577.html,2026-03-30,official_exact_pdp,"Exact Under Armour Curry 11 product page recovered, but via a grade-school colorway page during reconstruction. Local HTML/PDF/screenshot capture completed. Local HTML/PDF/screenshot captures are archived in archived_specs for the Phase 1 provenance-hardening pass. Local HTML/PDF/screenshot capture completed. Local HTML/PDF/screenshot captures are archived in archived_specs for the Phase 1 provenance-hardening pass.","Released dataset price was coded from a public listing during March 2026; the recovered page may now show a later markdown, a regional listing, or a colorway-specific SKU.",V2 pair mass is defined as 2 x the official single-shoe disclosure (0.349 kg per shoe; 0.697 kg per pair) without additional size correction. Official context: Official Curry 11 family colorway page; size not stated in official excerpt. The v1 stored proxy (0.340 kg) is retained only as the original screening reference.,Moderate-use screening assumption for versatile athletic footwear or lighter lifestyle/cleated constructions.,official_exact_pdp,https://www.underarmour.com/en-us/p/3027577.html,https://www.underarmour.com/en-us/p/3027577.html,,archived_specs/canonical_40_live_html_captures/under_armour_curry_11.html,archived_specs/canonical_40_live_pdf_captures/under_armour_curry_11.pdf,archived_specs/canonical_40_screenshots/under_armour_curry_11.png,,captured_cleanly,"Screening stored reference mass anchored to comparable basketball footwear using UA Warp, Flow, and Rubber construction.",0.34,0.3487,0.6974,official_single_shoe_disclosure,2.051,https://www.underarmour.com/en-us/p/curry_brand_shoes_and_gear/curry_11_dub_nation_unisex_basketball_shoes/3026615.html,official_single_shoe_disclosure,Official Curry 11 family colorway page; size not stated in official excerpt,validated_official_weight_disclosure,Official single-shoe disclosure used for v2 calibration; pair mass set to 2 x 0.349 kg.
Nike Air Force 1 '07,Nike,Casual,https://www.nike.com/t/air-force-1-07-mens-shoes-XVPIszaq/DJ2739-100,https://www.nike.com/t/air-force-1-07-mens-shoes-XVPIszaq/DJ2739-100,2026-03-30,official_exact_pdp,Exact Nike Air Force 1 07 product page recovered. Local HTML/PDF/screenshot capture completed. Local HTML/PDF/screenshot captures are archived in archived_specs for the Phase 1 provenance-hardening pass. Local HTML/PDF/screenshot capture completed. Local HTML/PDF/screenshot captures are archived in archived_specs for the Phase 1 provenance-hardening pass.,"Released dataset price was coded from a public listing during March 2026; the recovered page may now show a later markdown, a regional listing, or a colorway-specific SKU.",V2 pair mass is defined as 2 x the v1 stored reference mass proxy (0.450 kg single-shoe-scale proxy; 0.900 kg explicit pair mass) because no official single-shoe disclosure was recovered in the public-weight validation subset.,Multi-year casual-use screening assumption for classic leather sneakers.,official_exact_pdp,https://www.nike.com/t/air-force-1-07-mens-shoes-XVPIszaq/DJ2739-100,https://www.nike.com/t/air-force-1-07-mens-shoes-XVPIszaq/DJ2739-100,,archived_specs/canonical_40_live_html_captures/nike_air_force_1_07.html,archived_specs/canonical_40_live_pdf_captures/nike_air_force_1_07.pdf,archived_specs/canonical_40_screenshots/nike_air_force_1_07.png,,captured_cleanly,"Screening stored reference mass anchored to comparable casual footwear using Full grain leather, Foam, and Rubber construction.",0.45,0.45,0.9,doubled_stored_proxy,2.0,,,,,No official single-shoe disclosure recovered; pair mass set to 2 x the v1 stored proxy (0.450 kg).
Nike Air Force 1 '07 LV8,Nike,Casual,https://www.nike.com/t/air-force-1-07-lv8-mens-shoes-tSK1jD/FQ8714-005,https://www.nike.com/t/air-force-1-07-lv8-mens-shoes-tSK1jD/FQ8714-005,2026-03-30,official_exact_pdp,Official Nike Air Force 1 collection page used because a stable exact Air Force 1 07 LV8 PDP was not surfaced during reconstruction. 2026-03-30: upgraded from Nike collection page to exact US PDP via official search result; listing confirms Style FQ8714-005. Local HTML/PDF/screenshot capture completed. Local HTML/PDF/screenshot captures are archived in archived_specs for the Phase 1 provenance-hardening pass. 2026-03-30: upgraded from Nike collection page to exact US PDP via official search result; listing confirms Style FQ8714-005. Local HTML/PDF/screenshot capture completed. Local HTML/PDF/screenshot captures are archived in archived_specs for the Phase 1 provenance-hardening pass.,"Released dataset price was coded from a public listing during March 2026; the recovered page may now show a later markdown, a regional listing, or a colorway-specific SKU.",V2 pair mass is defined as 2 x the v1 stored reference mass proxy (0.440 kg single-shoe-scale proxy; 0.880 kg explicit pair mass) because no official single-shoe disclosure was recovered in the public-weight validation subset.,Multi-year casual-use screening assumption for classic leather sneakers.,official_exact_pdp,https://www.nike.com/t/air-force-1-07-lv8-mens-shoes-tSK1jD/FQ8714-005,https://www.nike.com/t/air-force-1-07-lv8-mens-shoes-tSK1jD/FQ8714-005,FQ8714-005,archived_specs/canonical_40_live_html_captures/nike_air_force_1_07_lv8.html,archived_specs/canonical_40_live_pdf_captures/nike_air_force_1_07_lv8.pdf,archived_specs/canonical_40_screenshots/nike_air_force_1_07_lv8.png,,captured_cleanly,"Screening stored reference mass anchored to comparable casual footwear using Tumbled leather, Foam, and Rubber construction.",0.44,0.44,0.88,doubled_stored_proxy,2.0,,,,,No official single-shoe disclosure recovered; pair mass set to 2 x the v1 stored proxy (0.440 kg).
Adidas Stan Smith,Adidas,Casual,https://www.adidas.com/us/stan-smith-shoes/FX5509.html,https://www.adidas.com/us/stan-smith-shoes/FX5509.html,2026-03-30,official_exact_pdp,Exact adidas Stan Smith product page recovered. Local HTML/PDF/screenshot capture completed. Local HTML/PDF/screenshot captures are archived in archived_specs for the Phase 1 provenance-hardening pass. Local HTML/PDF/screenshot capture completed. Local HTML/PDF/screenshot captures are archived in archived_specs for the Phase 1 provenance-hardening pass.,"Released dataset price was coded from a public listing during March 2026; the recovered page may now show a later markdown, a regional listing, or a colorway-specific SKU.",V2 pair mass is defined as 2 x the v1 stored reference mass proxy (0.380 kg single-shoe-scale proxy; 0.760 kg explicit pair mass) because no official single-shoe disclosure was recovered in the public-weight validation subset.,Extended casual-use screening assumption for durable lifestyle sneakers.,official_exact_pdp,https://www.adidas.com/us/stan-smith-shoes/FX5509.html,https://www.adidas.com/us/stan-smith-shoes/FX5509.html,,archived_specs/canonical_40_live_html_captures/adidas_stan_smith.html,archived_specs/canonical_40_live_pdf_captures/adidas_stan_smith.pdf,archived_specs/canonical_40_screenshots/adidas_stan_smith.png,,captured_cleanly,"Screening stored reference mass anchored to comparable casual footwear using Full grain leather, EVA, and Rubber construction.",0.38,0.38,0.76,doubled_stored_proxy,2.0,,,,,No official single-shoe disclosure recovered; pair mass set to 2 x the v1 stored proxy (0.380 kg).
Adidas Stan Smith Primegreen,Adidas,Casual,https://www.adidas.com/us/stan-smith-shoes/FX5509.html,https://www.adidas.com/us/stan-smith-shoes/FX5509.html,2026-03-30,official_exact_pdp_redirect,"Official adidas newsroom release used because it documents the Stan Smith Primegreen/Clean Classics material concept and positioning. Upgraded from adidas newsroom coverage to a direct historical adidas SKU URL; the current URL redirects into the broader Stan Smith collection, so local captures reflect the redirected landing page. Local HTML/PDF/screenshot capture completed. Local HTML/PDF/screenshot captures are archived in archived_specs for the Phase 1 provenance-hardening pass. Upgraded from adidas newsroom coverage to a direct historical adidas SKU URL; the current URL redirects into the broader Stan Smith collection, so local captures reflect the redirected landing page. Local HTML/PDF/screenshot capture completed. Local HTML/PDF/screenshot captures are archived in archived_specs for the Phase 1 provenance-hardening pass.","Released dataset price was coded from a public listing during March 2026; the recovered page may now show a later markdown, a regional listing, or a colorway-specific SKU.",V2 pair mass is defined as 2 x the v1 stored reference mass proxy (0.350 kg single-shoe-scale proxy; 0.700 kg explicit pair mass) because no official single-shoe disclosure was recovered in the public-weight validation subset.,Moderate-use screening assumption for versatile athletic footwear or lighter lifestyle/cleated constructions.,official_exact_pdp_redirect,https://www.adidas.com/us/stan-smith-shoes/FX5509.html,https://www.adidas.com/us/stan-smith-shoes/FX5509.html,FX5509,archived_specs/canonical_40_live_html_captures/adidas_stan_smith_primegreen.html,archived_specs/canonical_40_live_pdf_captures/adidas_stan_smith_primegreen.pdf,archived_specs/canonical_40_screenshots/adidas_stan_smith_primegreen.png,,captured_cleanly,"Screening stored reference mass anchored to comparable casual footwear using Recycled synthetic, EVA, and Rubber construction.",0.35,0.35,0.7,doubled_stored_proxy,2.0,,,,,No official single-shoe disclosure recovered; pair mass set to 2 x the v1 stored proxy (0.350 kg).
Converse Chuck Taylor All Star,Converse,Casual,https://www.converse.com/shop/p/chuck-taylor-all-star-canvas-unisex-high-top-shoe/A14606F.html,https://www.converse.com/shop/p/chuck-taylor-all-star-canvas-unisex-high-top-shoe/A14606F.html,2026-03-30,official_exact_pdp,Exact Converse Chuck Taylor All Star product page recovered. Local HTML/PDF/screenshot capture completed. Local HTML/PDF/screenshot captures are archived in archived_specs for the Phase 1 provenance-hardening pass. Local HTML/PDF/screenshot capture completed. Local HTML/PDF/screenshot captures are archived in archived_specs for the Phase 1 provenance-hardening pass.,"Released dataset price was coded from a public listing during March 2026; the recovered page may now show a later markdown, a regional listing, or a colorway-specific SKU.",V2 pair mass is defined as 2 x the v1 stored reference mass proxy (0.320 kg single-shoe-scale proxy; 0.640 kg explicit pair mass) because no official single-shoe disclosure was recovered in the public-weight validation subset.,Longer-life screening assumption for sturdier performance or partial-/full-leather constructions.,official_exact_pdp,https://www.converse.com/shop/p/chuck-taylor-all-star-canvas-unisex-high-top-shoe/A14606F.html,https://www.converse.com/shop/p/chuck-taylor-all-star-canvas-unisex-high-top-shoe/A14606F.html,,archived_specs/canonical_40_live_html_captures/converse_chuck_taylor_all_star.html,archived_specs/canonical_40_live_pdf_captures/converse_chuck_taylor_all_star.pdf,archived_specs/canonical_40_screenshots/converse_chuck_taylor_all_star.png,,captured_cleanly,"Screening stored reference mass anchored to comparable casual footwear using Canvas, Rubber, and Vulcanized rubber construction.",0.32,0.32,0.64,doubled_stored_proxy,2.0,,,,,No official single-shoe disclosure recovered; pair mass set to 2 x the v1 stored proxy (0.320 kg).
New Balance 550,New Balance,Casual,https://www.newbalance.com/pd/550/BB550ETN-D-085.html,https://www.newbalance.com/pd/550/BB550ETN-D-085.html,2026-03-30,official_exact_pdp,Exact New Balance 550 product page recovered. Local HTML/PDF/screenshot capture completed. Local HTML/PDF/screenshot captures are archived in archived_specs for the Phase 1 provenance-hardening pass. Local HTML/PDF/screenshot capture completed. Local HTML/PDF/screenshot captures are archived in archived_specs for the Phase 1 provenance-hardening pass.,"Released dataset price was coded from a public listing during March 2026; the recovered page may now show a later markdown, a regional listing, or a colorway-specific SKU.",V2 pair mass is defined as 2 x the v1 stored reference mass proxy (0.400 kg single-shoe-scale proxy; 0.800 kg explicit pair mass) because no official single-shoe disclosure was recovered in the public-weight validation subset.,Extended casual-use screening assumption for durable lifestyle sneakers.,official_exact_pdp,https://www.newbalance.com/pd/550/BB550ETN-D-085.html,https://www.newbalance.com/pd/550/BB550ETN-D-085.html,,archived_specs/canonical_40_live_html_captures/new_balance_550.html,archived_specs/canonical_40_live_pdf_captures/new_balance_550.pdf,archived_specs/canonical_40_screenshots/new_balance_550.png,,captured_cleanly,"Screening stored reference mass anchored to comparable casual footwear using Leather/synthetic, Foam, and Rubber construction.",0.4,0.4,0.8,doubled_stored_proxy,2.0,,,,,No official single-shoe disclosure recovered; pair mass set to 2 x the v1 stored proxy (0.400 kg).
Vans Old Skool,Vans,Casual,https://www.vans.com/en-us/p/shoes/icons/old-skool-5205/skate-old-skool-shoe-VN000EDNW00,https://www.vans.com/en-us/p/shoes/icons/old-skool-5205/skate-old-skool-shoe-VN000EDNW00,2026-03-30,official_exact_pdp,"Official Vans Old Skool-family product page recovered via the Skate Old Skool line, which preserves the same icon-family upper and sole construction cues used in dataset coding. Local HTML/PDF/screenshot capture completed. Local HTML/PDF/screenshot captures are archived in archived_specs for the Phase 1 provenance-hardening pass. Local HTML/PDF/screenshot capture completed. Local HTML/PDF/screenshot captures are archived in archived_specs for the Phase 1 provenance-hardening pass.","Released dataset price was coded from a public listing during March 2026; the recovered page may now show a later markdown, a regional listing, or a colorway-specific SKU.",V2 pair mass is defined as 2 x the v1 stored reference mass proxy (0.340 kg single-shoe-scale proxy; 0.680 kg explicit pair mass) because no official single-shoe disclosure was recovered in the public-weight validation subset.,Moderate-use screening assumption for versatile athletic footwear or lighter lifestyle/cleated constructions.,official_exact_pdp,https://www.vans.com/en-us/p/shoes/icons/old-skool-5205/skate-old-skool-shoe-VN000EDNW00,https://www.vans.com/en-us/p/shoes/icons/old-skool-5205/skate-old-skool-shoe-VN000EDNW00,,archived_specs/canonical_40_live_html_captures/vans_old_skool.html,archived_specs/canonical_40_live_pdf_captures/vans_old_skool.pdf,archived_specs/canonical_40_screenshots/vans_old_skool.png,,captured_cleanly,"Screening stored reference mass anchored to comparable casual footwear using Suede + canvas, Foam, and Vulcanized rubber construction.",0.34,0.34,0.68,doubled_stored_proxy,2.0,,,,,No official single-shoe disclosure recovered; pair mass set to 2 x the v1 stored proxy (0.340 kg).
Reebok Club C 85,Reebok,Casual,https://www.reebok.com/products/reebok-club-c-85-vintage-shoes-chalk-alabaster-maroon-103162,https://www.reebok.com/products/reebok-club-c-85-vintage-shoes-chalk-alabaster-maroon-103162,2026-03-30,official_exact_pdp,Official Reebok Club C 85 Vintage product page used as the closest recovered Club C 85 family reference during reconstruction. Local HTML/PDF/screenshot capture completed. Local HTML/PDF/screenshot captures are archived in archived_specs for the Phase 1 provenance-hardening pass. Local HTML/PDF/screenshot capture completed. Local HTML/PDF/screenshot captures are archived in archived_specs for the Phase 1 provenance-hardening pass.,"Released dataset price was coded from a public listing during March 2026; the recovered page may now show a later markdown, a regional listing, or a colorway-specific SKU.",V2 pair mass is defined as 2 x the v1 stored reference mass proxy (0.360 kg single-shoe-scale proxy; 0.720 kg explicit pair mass) because no official single-shoe disclosure was recovered in the public-weight validation subset.,Extended casual-use screening assumption for durable lifestyle sneakers.,official_exact_pdp,https://www.reebok.com/products/reebok-club-c-85-vintage-shoes-chalk-alabaster-maroon-103162,https://www.reebok.com/products/reebok-club-c-85-vintage-shoes-chalk-alabaster-maroon-103162,,archived_specs/canonical_40_live_html_captures/reebok_club_c_85.html,archived_specs/canonical_40_live_pdf_captures/reebok_club_c_85.pdf,archived_specs/canonical_40_screenshots/reebok_club_c_85.png,,captured_cleanly,"Screening stored reference mass anchored to comparable casual footwear using Soft leather, EVA, and Rubber construction.",0.36,0.36,0.72,doubled_stored_proxy,2.0,,,,,No official single-shoe disclosure recovered; pair mass set to 2 x the v1 stored proxy (0.360 kg).
Puma Suede Classic,Puma,Casual,https://us.puma.com/us/en/pd/suede-classic-mens-sneakers/365347,https://us.puma.com/us/en/pd/suede-classic-mens-sneakers/365347,2026-03-30,official_exact_pdp,Exact PUMA Suede Classic product page recovered. Local HTML/PDF/screenshot capture completed. Local HTML/PDF/screenshot captures are archived in archived_specs for the Phase 1 provenance-hardening pass. Local HTML/PDF/screenshot capture completed. Local HTML/PDF/screenshot captures are archived in archived_specs for the Phase 1 provenance-hardening pass.,"Released dataset price was coded from a public listing during March 2026; the recovered page may now show a later markdown, a regional listing, or a colorway-specific SKU.",V2 pair mass is defined as 2 x the v1 stored reference mass proxy (0.330 kg single-shoe-scale proxy; 0.660 kg explicit pair mass) because no official single-shoe disclosure was recovered in the public-weight validation subset.,Longer-life screening assumption for sturdier performance or partial-/full-leather constructions.,official_exact_pdp,https://us.puma.com/us/en/pd/suede-classic-mens-sneakers/365347,https://us.puma.com/us/en/pd/suede-classic-mens-sneakers/365347,,archived_specs/canonical_40_live_html_captures/puma_suede_classic.html,archived_specs/canonical_40_live_pdf_captures/puma_suede_classic.pdf,archived_specs/canonical_40_screenshots/puma_suede_classic.png,,captured_cleanly,"Screening stored reference mass anchored to comparable casual footwear using Full suede, Foam, and Rubber construction.",0.33,0.33,0.66,doubled_stored_proxy,2.0,,,,,No official single-shoe disclosure recovered; pair mass set to 2 x the v1 stored proxy (0.330 kg).
Dr. Martens 1461,Dr. Martens,Casual,https://www.drmartens.com/us/en/1461-smooth-leather-oxford-shoes-black/p/11838002,https://www.drmartens.com/us/en/1461-smooth-leather-oxford-shoes-black/p/11838002,2026-03-30,official_exact_pdp,Exact Dr. Martens 1461 Smooth Leather Oxford product page recovered. Local HTML/PDF/screenshot capture completed. Local HTML/PDF/screenshot captures are archived in archived_specs for the Phase 1 provenance-hardening pass. Local HTML/PDF/screenshot capture completed. Local HTML/PDF/screenshot captures are archived in archived_specs for the Phase 1 provenance-hardening pass.,"Released dataset price was coded from a public listing during March 2026; the recovered page may now show a later markdown, a regional listing, or a colorway-specific SKU.",V2 pair mass is defined as 2 x the v1 stored reference mass proxy (0.620 kg single-shoe-scale proxy; 1.240 kg explicit pair mass) because no official single-shoe disclosure was recovered in the public-weight validation subset.,Long-life screening assumption for heavy leather oxford/boot-like construction.,official_exact_pdp,https://www.drmartens.com/us/en/1461-smooth-leather-oxford-shoes-black/p/11838002,https://www.drmartens.com/us/en/1461-smooth-leather-oxford-shoes-black/p/11838002,,archived_specs/canonical_40_live_html_captures/dr_martens_1461.html,archived_specs/canonical_40_live_pdf_captures/dr_martens_1461.pdf,archived_specs/canonical_40_screenshots/dr_martens_1461.png,,captured_cleanly,"Screening stored reference mass anchored to comparable casual footwear using Full grain leather, PVC, and Rubber construction.",0.62,0.62,1.24,doubled_stored_proxy,2.0,,,,,No official single-shoe disclosure recovered; pair mass set to 2 x the v1 stored proxy (0.620 kg).
Nike Mercurial Superfly 10 Academy,Nike,Soccer,https://www.nike.com/t/mercurial-superfly-10-academy-multi-ground-high-top-soccer-cleats-IeaDQZH0/FQ1456-001,https://www.nike.com/t/mercurial-superfly-10-academy-multi-ground-high-top-soccer-cleats-IeaDQZH0/FQ1456-001,2026-03-30,official_exact_pdp,Exact Nike Mercurial Superfly 10 Academy product page recovered. Local HTML/PDF/screenshot capture completed. Local HTML/PDF/screenshot captures are archived in archived_specs for the Phase 1 provenance-hardening pass. Local HTML/PDF/screenshot capture completed. Local HTML/PDF/screenshot captures are archived in archived_specs for the Phase 1 provenance-hardening pass.,"Released dataset price was coded from a public listing during March 2026; the recovered page may now show a later markdown, a regional listing, or a colorway-specific SKU.",V2 pair mass is defined as 2 x the v1 stored reference mass proxy (0.280 kg single-shoe-scale proxy; 0.560 kg explicit pair mass) because no official single-shoe disclosure was recovered in the public-weight validation subset.,Moderate-use screening assumption for versatile athletic footwear or lighter lifestyle/cleated constructions.,official_exact_pdp,https://www.nike.com/t/mercurial-superfly-10-academy-multi-ground-high-top-soccer-cleats-IeaDQZH0/FQ1456-001,https://www.nike.com/t/mercurial-superfly-10-academy-multi-ground-high-top-soccer-cleats-IeaDQZH0/FQ1456-001,,archived_specs/canonical_40_live_html_captures/nike_mercurial_superfly_10_academy.html,archived_specs/canonical_40_live_pdf_captures/nike_mercurial_superfly_10_academy.pdf,archived_specs/canonical_40_screenshots/nike_mercurial_superfly_10_academy.png,,captured_cleanly,"Screening stored reference mass anchored to comparable soccer footwear using NikeSkin synthetic, Foam, and TPU/Rubber construction.",0.28,0.28,0.56,doubled_stored_proxy,2.0,,,,,No official single-shoe disclosure recovered; pair mass set to 2 x the v1 stored proxy (0.280 kg).
Nike Tiempo Legend 10 Elite,Nike,Soccer,https://www.nike.com/t/tiempo-legend-10-elite-luxe-fg-low-top-soccer-cleats-FMZttnUd/FZ1487-100,https://www.nike.com/t/tiempo-legend-10-elite-luxe-fg-low-top-soccer-cleats-FMZttnUd/FZ1487-100,2026-03-30,official_exact_pdp,Official Nike Tiempo Legend 10 Elite LUXE product page used as a representative FlyTouch Plus-equipped Elite variant within the Legend 10 family. Local HTML/PDF/screenshot capture completed. Local HTML/PDF/screenshot captures are archived in archived_specs for the Phase 1 provenance-hardening pass. Local HTML/PDF/screenshot capture completed. Local HTML/PDF/screenshot captures are archived in archived_specs for the Phase 1 provenance-hardening pass.,"Released dataset price was coded from a public listing during March 2026; the recovered page may now show a later markdown, a regional listing, or a colorway-specific SKU.",V2 pair mass is defined as 2 x the v1 stored reference mass proxy (0.320 kg single-shoe-scale proxy; 0.640 kg explicit pair mass) because no official single-shoe disclosure was recovered in the public-weight validation subset.,Moderate-use screening assumption for versatile athletic footwear or lighter lifestyle/cleated constructions.,official_exact_pdp,https://www.nike.com/t/tiempo-legend-10-elite-luxe-fg-low-top-soccer-cleats-FMZttnUd/FZ1487-100,https://www.nike.com/t/tiempo-legend-10-elite-luxe-fg-low-top-soccer-cleats-FMZttnUd/FZ1487-100,,archived_specs/canonical_40_live_html_captures/nike_tiempo_legend_10_elite.html,archived_specs/canonical_40_live_pdf_captures/nike_tiempo_legend_10_elite.pdf,archived_specs/canonical_40_screenshots/nike_tiempo_legend_10_elite.png,,captured_cleanly,"Screening stored reference mass anchored to comparable soccer footwear using FlyTouch Plus, Foam, and Rubber construction.",0.32,0.32,0.64,doubled_stored_proxy,2.0,,,,,No official single-shoe disclosure recovered; pair mass set to 2 x the v1 stored proxy (0.320 kg).
Adidas Predator 24 Elite,Adidas,Soccer,https://www.adidas.com/us/predator-24-elite-low-firm-ground-soccer-cleats/IE1804.html,https://www.adidas.com/us/predator-24-elite-low-firm-ground-soccer-cleats/IE1804.html,2026-03-30,official_exact_pdp,Exact adidas Predator 24 Elite product page recovered. Local HTML/PDF/screenshot capture completed. Local HTML/PDF/screenshot captures are archived in archived_specs for the Phase 1 provenance-hardening pass. Local HTML/PDF/screenshot capture completed. Local HTML/PDF/screenshot captures are archived in archived_specs for the Phase 1 provenance-hardening pass.,"Released dataset price was coded from a public listing during March 2026; the recovered page may now show a later markdown, a regional listing, or a colorway-specific SKU.",V2 pair mass is defined as 2 x the v1 stored reference mass proxy (0.300 kg single-shoe-scale proxy; 0.600 kg explicit pair mass) because no official single-shoe disclosure was recovered in the public-weight validation subset.,Moderate-use screening assumption for versatile athletic footwear or lighter lifestyle/cleated constructions.,official_exact_pdp,https://www.adidas.com/us/predator-24-elite-low-firm-ground-soccer-cleats/IE1804.html,https://www.adidas.com/us/predator-24-elite-low-firm-ground-soccer-cleats/IE1804.html,,archived_specs/canonical_40_live_html_captures/adidas_predator_24_elite.html,archived_specs/canonical_40_live_pdf_captures/adidas_predator_24_elite.pdf,archived_specs/canonical_40_screenshots/adidas_predator_24_elite.png,,captured_cleanly,"Screening stored reference mass anchored to comparable soccer footwear using HybridTouch 2.0, Foam, and Rubber construction.",0.3,0.3,0.6,doubled_stored_proxy,2.0,,,,,No official single-shoe disclosure recovered; pair mass set to 2 x the v1 stored proxy (0.300 kg).
Puma Future 8 Ultimate,Puma,Soccer,https://us.puma.com/us/en/pd/future-8-ultimate-firm-ground-mens-soccer-cleats/108138,https://us.puma.com/us/en/pd/future-8-ultimate-firm-ground-mens-soccer-cleats/108138,2026-03-30,official_exact_pdp,Exact PUMA Future 8 Ultimate product page recovered. Local HTML/PDF/screenshot capture completed. Local HTML/PDF/screenshot captures are archived in archived_specs for the Phase 1 provenance-hardening pass. Local HTML/PDF/screenshot capture completed. Local HTML/PDF/screenshot captures are archived in archived_specs for the Phase 1 provenance-hardening pass.,"Released dataset price was coded from a public listing during March 2026; the recovered page may now show a later markdown, a regional listing, or a colorway-specific SKU.",V2 pair mass is defined as 2 x the v1 stored reference mass proxy (0.270 kg single-shoe-scale proxy; 0.540 kg explicit pair mass) because no official single-shoe disclosure was recovered in the public-weight validation subset.,Moderate-use screening assumption for versatile athletic footwear or lighter lifestyle/cleated constructions.,official_exact_pdp,https://us.puma.com/us/en/pd/future-8-ultimate-firm-ground-mens-soccer-cleats/108138,https://us.puma.com/us/en/pd/future-8-ultimate-firm-ground-mens-soccer-cleats/108138,,archived_specs/canonical_40_live_html_captures/puma_future_8_ultimate.html,archived_specs/canonical_40_live_pdf_captures/puma_future_8_ultimate.pdf,archived_specs/canonical_40_screenshots/puma_future_8_ultimate.png,,captured_cleanly,"Screening stored reference mass anchored to comparable soccer footwear using Mesh + PWRTAPE, Foam, and Rubber construction.",0.27,0.27,0.54,doubled_stored_proxy,2.0,,,,,No official single-shoe disclosure recovered; pair mass set to 2 x the v1 stored proxy (0.270 kg).
Adidas Copa Pure 2 Elite,Adidas,Soccer,https://www.adidas.com/us/copa-pure-ii-elite-firm-ground-cleats/IE7487.html,https://www.adidas.com/us/copa-pure-ii-elite-firm-ground-cleats/IE7487.html,2026-03-30,official_exact_pdp,Exact adidas Copa Pure II Elite product page recovered. Local HTML/PDF/screenshot capture completed. Local HTML/PDF/screenshot captures are archived in archived_specs for the Phase 1 provenance-hardening pass. Local HTML/PDF/screenshot capture completed. Local HTML/PDF/screenshot captures are archived in archived_specs for the Phase 1 provenance-hardening pass.,"Released dataset price was coded from a public listing during March 2026; the recovered page may now show a later markdown, a regional listing, or a colorway-specific SKU.",V2 pair mass is defined as 2 x the v1 stored reference mass proxy (0.340 kg single-shoe-scale proxy; 0.680 kg explicit pair mass) because no official single-shoe disclosure was recovered in the public-weight validation subset.,Longer-life screening assumption for sturdier performance or partial-/full-leather constructions.,official_exact_pdp,https://www.adidas.com/us/copa-pure-ii-elite-firm-ground-cleats/IE7487.html,https://www.adidas.com/us/copa-pure-ii-elite-firm-ground-cleats/IE7487.html,,archived_specs/canonical_40_live_html_captures/adidas_copa_pure_2_elite.html,archived_specs/canonical_40_live_pdf_captures/adidas_copa_pure_2_elite.pdf,archived_specs/canonical_40_screenshots/adidas_copa_pure_2_elite.png,,captured_cleanly,"Screening stored reference mass anchored to comparable soccer footwear using K-Leather, Foam, and Rubber construction.",0.34,0.34,0.68,doubled_stored_proxy,2.0,,,,,No official single-shoe disclosure recovered; pair mass set to 2 x the v1 stored proxy (0.340 kg).
Nike Phantom GX 2 Elite,Nike,Soccer,https://www.nike.com/t/phantom-gx-2-elite-fg-low-top-soccer-cleats-lSxqH0/FJ2559-002,https://www.nike.com/t/phantom-gx-2-elite-fg-low-top-soccer-cleats-lSxqH0/FJ2559-002,2026-03-30,official_exact_pdp,Official Nike regional PDP used because an equivalent US exact product page was not surfaced during reconstruction. 2026-03-30: upgraded from regional Nike ID PDP to exact US PDP via official search result; listing confirms Style FJ2559-002. Local HTML/PDF/screenshot capture completed. Local HTML/PDF/screenshot captures are archived in archived_specs for the Phase 1 provenance-hardening pass. 2026-03-30: upgraded from regional Nike ID PDP to exact US PDP via official search result; listing confirms Style FJ2559-002. Local HTML/PDF/screenshot capture completed. Local HTML/PDF/screenshot captures are archived in archived_specs for the Phase 1 provenance-hardening pass.,"Released dataset price was coded from a public listing during March 2026; the recovered page may now show a later markdown, a regional listing, or a colorway-specific SKU.",V2 pair mass is defined as 2 x the v1 stored reference mass proxy (0.290 kg single-shoe-scale proxy; 0.580 kg explicit pair mass) because no official single-shoe disclosure was recovered in the public-weight validation subset.,Moderate-use screening assumption for versatile athletic footwear or lighter lifestyle/cleated constructions.,official_exact_pdp,https://www.nike.com/t/phantom-gx-2-elite-fg-low-top-soccer-cleats-lSxqH0/FJ2559-002,https://www.nike.com/t/phantom-gx-2-elite-fg-low-top-soccer-cleats-lSxqH0/FJ2559-002,FJ2559-002,archived_specs/canonical_40_live_html_captures/nike_phantom_gx_2_elite.html,archived_specs/canonical_40_live_pdf_captures/nike_phantom_gx_2_elite.pdf,archived_specs/canonical_40_screenshots/nike_phantom_gx_2_elite.png,,captured_cleanly,"Screening stored reference mass anchored to comparable soccer footwear using NikeSkin + Gripknit, Foam, and Rubber construction.",0.29,0.29,0.58,doubled_stored_proxy,2.0,,,,,No official single-shoe disclosure recovered; pair mass set to 2 x the v1 stored proxy (0.290 kg).
Adidas X Crazyfast.1,Adidas,Soccer,https://www.adidas.com/us/x-crazyfast.1-brazil-firm-ground-soccer-cleats/IF3549.html,https://www.adidas.com/us/x-crazyfast.1-brazil-firm-ground-soccer-cleats/IF3549.html,2026-03-30,official_exact_pdp,Exact adidas X Crazyfast.1 product page recovered. Local HTML/PDF/screenshot capture completed. Local HTML/PDF/screenshot captures are archived in archived_specs for the Phase 1 provenance-hardening pass. Local HTML/PDF/screenshot capture completed. Local HTML/PDF/screenshot captures are archived in archived_specs for the Phase 1 provenance-hardening pass.,"Released dataset price was coded from a public listing during March 2026; the recovered page may now show a later markdown, a regional listing, or a colorway-specific SKU.",V2 pair mass is defined as 2 x the v1 stored reference mass proxy (0.260 kg single-shoe-scale proxy; 0.520 kg explicit pair mass) because no official single-shoe disclosure was recovered in the public-weight validation subset.,Moderate-use screening assumption for versatile athletic footwear or lighter lifestyle/cleated constructions.,official_exact_pdp,https://www.adidas.com/us/x-crazyfast.1-brazil-firm-ground-soccer-cleats/IF3549.html,https://www.adidas.com/us/x-crazyfast.1-brazil-firm-ground-soccer-cleats/IF3549.html,,archived_specs/canonical_40_live_html_captures/adidas_x_crazyfast_1.html,archived_specs/canonical_40_live_pdf_captures/adidas_x_crazyfast_1.pdf,archived_specs/canonical_40_screenshots/adidas_x_crazyfast_1.png,,captured_cleanly,"Screening stored reference mass anchored to comparable soccer footwear using Speedskin synthetic, Foam, and Rubber construction.",0.26,0.26,0.52,doubled_stored_proxy,2.0,,,,,No official single-shoe disclosure recovered; pair mass set to 2 x the v1 stored proxy (0.260 kg).
Mizuno Morelia Neo IV,Mizuno,Soccer,https://usa.mizuno.com/soccer-morelia-neo-iv-beta-elite?sku=54031110001200,https://usa.mizuno.com/soccer-morelia-neo-iv-beta-elite?sku=54031110001200,2026-03-30,official_exact_pdp,Official Mizuno Morelia Neo IV product-family page used because the reconstructed public page surfaced the Pro/all-surface variant rather than a single Elite firm-ground SKU. Upgraded from a product-family page to a live exact Mizuno PDP for the Morelia Neo IV Beta Elite FG KL variant. Local HTML/PDF/screenshot capture completed. Local HTML/PDF/screenshot captures are archived in archived_specs for the Phase 1 provenance-hardening pass. Upgraded from a product-family page to a live exact Mizuno PDP for the Morelia Neo IV Beta Elite FG KL variant. Local HTML/PDF/screenshot capture completed. Local HTML/PDF/screenshot captures are archived in archived_specs for the Phase 1 provenance-hardening pass.,"Released dataset price was coded from a public listing during March 2026; the recovered page may now show a later markdown, a regional listing, or a colorway-specific SKU.",V2 pair mass is defined as 2 x the official single-shoe disclosure (0.200 kg per shoe; 0.400 kg per pair) without additional size correction. Official context: Size 9. The v1 stored proxy (0.300 kg) is retained only as the original screening reference.,Longer-life screening assumption for sturdier performance or partial-/full-leather constructions.,official_exact_pdp,https://usa.mizuno.com/soccer-morelia-neo-iv-beta-elite?sku=54031110001200,https://usa.mizuno.com/soccer-morelia-neo-iv-beta-elite?sku=54031110001200,54031110001200,archived_specs/canonical_40_live_html_captures/mizuno_morelia_neo_iv.html,archived_specs/canonical_40_live_pdf_captures/mizuno_morelia_neo_iv.pdf,archived_specs/canonical_40_screenshots/mizuno_morelia_neo_iv.png,,captured_cleanly,"Screening stored reference mass anchored to comparable soccer footwear using K-Leather, Foam, and Rubber construction.",0.3,0.2,0.4,official_single_shoe_disclosure,1.333,https://usa.mizuno.com/soccer-morelia-neo-iv-beta-elite?sku=54031110001200,official_single_shoe_disclosure,Size 9,validated_official_weight_disclosure,Official single-shoe disclosure used for v2 calibration; pair mass set to 2 x 0.200 kg.
Puma King Ultimate,Puma,Soccer,https://us.puma.com/us/en/pd/king-ultimate-fg-ag-football-boots-unisex/108303,https://us.puma.com/us/en/pd/king-ultimate-fg-ag-football-boots-unisex/108303,2026-03-30,official_exact_pdp,Exact PUMA King Ultimate product page recovered. Updated to a current English-language PUMA exact PDP after the earlier Spanish URL timed out in automated capture. Local HTML/PDF/screenshot capture completed. Local HTML/PDF/screenshot captures are archived in archived_specs for the Phase 1 provenance-hardening pass. Updated to a current English-language PUMA exact PDP after the earlier Spanish URL timed out in automated capture. Local HTML/PDF/screenshot capture completed. Local HTML/PDF/screenshot captures are archived in archived_specs for the Phase 1 provenance-hardening pass.,"Released dataset price was coded from a public listing during March 2026; the recovered page may now show a later markdown, a regional listing, or a colorway-specific SKU.",V2 pair mass is defined as 2 x the v1 stored reference mass proxy (0.320 kg single-shoe-scale proxy; 0.640 kg explicit pair mass) because no official single-shoe disclosure was recovered in the public-weight validation subset.,Longer-life screening assumption for sturdier performance or partial-/full-leather constructions.,official_exact_pdp,https://us.puma.com/us/en/pd/king-ultimate-fg-ag-football-boots-unisex/108303,https://us.puma.com/us/en/pd/king-ultimate-fg-ag-football-boots-unisex/108303,108303_01,archived_specs/canonical_40_live_html_captures/puma_king_ultimate.html,archived_specs/canonical_40_live_pdf_captures/puma_king_ultimate.pdf,archived_specs/canonical_40_screenshots/puma_king_ultimate.png,,captured_cleanly,"Screening stored reference mass anchored to comparable soccer footwear using K-Leather, Foam, and Rubber construction.",0.32,0.32,0.64,doubled_stored_proxy,2.0,,,,,No official single-shoe disclosure recovered; pair mass set to 2 x the v1 stored proxy (0.320 kg).
New Balance Tekela v4+,New Balance,Soccer,https://www.newbalance.com/pd/tekela-pro-low-fg-v4plus/ST1FLV45-45342.html,https://www.newbalance.com/pd/tekela-pro-low-fg-v4plus/ST1FLV45-45342.html,2026-03-30,official_exact_pdp,Exact New Balance Tekela Pro Low FG v4+ product page recovered. Local HTML/PDF/screenshot capture completed. Local HTML/PDF/screenshot captures are archived in archived_specs for the Phase 1 provenance-hardening pass. Local HTML/PDF/screenshot capture completed. Local HTML/PDF/screenshot captures are archived in archived_specs for the Phase 1 provenance-hardening pass.,"Released dataset price was coded from a public listing during March 2026; the recovered page may now show a later markdown, a regional listing, or a colorway-specific SKU.",V2 pair mass is defined as 2 x the official single-shoe disclosure (0.202 kg per shoe; 0.403 kg per pair) without additional size correction. Official context: Size not stated in official excerpt. The v1 stored proxy (0.280 kg) is retained only as the original screening reference.,Moderate-use screening assumption for versatile athletic footwear or lighter lifestyle/cleated constructions.,official_exact_pdp,https://www.newbalance.com/pd/tekela-pro-low-fg-v4plus/ST1FLV45-45342.html,https://www.newbalance.com/pd/tekela-pro-low-fg-v4plus/ST1FLV45-45342.html,,archived_specs/canonical_40_live_html_captures/new_balance_tekela_v4.html,archived_specs/canonical_40_live_pdf_captures/new_balance_tekela_v4.pdf,archived_specs/canonical_40_screenshots/new_balance_tekela_v4.png,,captured_cleanly,"Screening stored reference mass anchored to comparable soccer footwear using Hypoknit, Foam, and Rubber construction.",0.28,0.2017,0.4034,official_single_shoe_disclosure,1.441,https://www.newbalance.com/pd/tekela-pro-low-fg-v4plus/ST1FLV45-45342.html?dwvar_ST1FLV45-45342_style=ST1FLG45,official_single_shoe_disclosure,Size not stated in official excerpt,validated_official_weight_disclosure,Official single-shoe disclosure used for v2 calibration; pair mass set to 2 x 0.202 kg.
