Model,Brand,Category,Product_Source_URL,Price_Source_URL,Accessed_Date,Source_Type,Traceability_Note,Price_Coding_Note,Mass_Basis,Lifespan_Basis,Original_Source_Type,Original_Product_Source_URL,Original_Price_Source_URL,SKU_or_Style_Code,Local_HTML_Artifact,Local_PDF_Artifact,Local_Screenshot_Artifact,Archive_URL,Capture_Status
Nike Pegasus 41,Nike,Running,https://www.nike.com/t/pegasus-41-mens-road-running-shoes-extra-wide-R6tpoXaD/FN4932-002,https://www.nike.com/t/pegasus-41-mens-road-running-shoes-extra-wide-R6tpoXaD/FN4932-002,2026-03-30,official_exact_pdp,"Official Nike Pegasus family page used because a stable non-color-specific Pegasus 41 PDP was not surfaced during reconstruction. 2026-03-30: upgraded from Nike collection page to exact US PDP via official search result; listing confirms Style FN4932-002 and weight disclosure on-page. HTML/PDF/screenshot artifacts exist locally, but the timed rerun still logged an HTML timeout. Local HTML/PDF/screenshot captures are archived in archived_specs for the Phase 1 provenance-hardening pass. 2026-03-30: upgraded from Nike collection page to exact US PDP via official search result; listing confirms Style FN4932-002 and weight disclosure on-page. HTML/PDF/screenshot artifacts exist locally, but the timed rerun still logged an HTML timeout. Local HTML/PDF/screenshot captures are archived in archived_specs for the Phase 1 provenance-hardening pass.","Released dataset price was coded from a public listing during March 2026; the recovered page may now show a later markdown, a regional listing, or a colorway-specific SKU.","Screening stored reference mass anchored to comparable running footwear using Engineered mesh, ReactX foam, and Rubber construction.",Daily-use screening assumption for high-mileage performance footwear.,official_exact_pdp,https://www.nike.com/t/pegasus-41-mens-road-running-shoes-extra-wide-R6tpoXaD/FN4932-002,https://www.nike.com/t/pegasus-41-mens-road-running-shoes-extra-wide-R6tpoXaD/FN4932-002,FN4932-002,archived_specs/canonical_40_live_html_captures/nike_pegasus_41.html,archived_specs/canonical_40_live_pdf_captures/nike_pegasus_41.pdf,archived_specs/canonical_40_screenshots/nike_pegasus_41.png,,capture_attempt_incomplete
Brooks Ghost 17,Brooks,Running,https://www.brooksrunning.com/en_us/ghost-17/1104421D432.080.html,https://www.brooksrunning.com/en_us/ghost-17/1104421D432.080.html,2026-03-30,official_exact_pdp,Exact Brooks Ghost 17 product page recovered. Local HTML/PDF/screenshot capture completed. Local HTML/PDF/screenshot captures are archived in archived_specs for the Phase 1 provenance-hardening pass. Local HTML/PDF/screenshot capture completed. Local HTML/PDF/screenshot captures are archived in archived_specs for the Phase 1 provenance-hardening pass.,"Released dataset price was coded from a public listing during March 2026; the recovered page may now show a later markdown, a regional listing, or a colorway-specific SKU.","Screening stored reference mass anchored to comparable running footwear using Engineered mesh, DNA Loft v3 foam, and Rubber construction.",Daily-use screening assumption for high-mileage performance footwear.,official_exact_pdp,https://www.brooksrunning.com/en_us/ghost-17/1104421D432.080.html,https://www.brooksrunning.com/en_us/ghost-17/1104421D432.080.html,,archived_specs/canonical_40_live_html_captures/brooks_ghost_17.html,archived_specs/canonical_40_live_pdf_captures/brooks_ghost_17.pdf,archived_specs/canonical_40_screenshots/brooks_ghost_17.png,,captured_cleanly
Hoka Clifton 9,Hoka,Running,https://au.hoka.com/products/m-clifton-9-1127895-blcks-blcks,https://au.hoka.com/products/m-clifton-9-1127895-blcks-blcks,2026-03-30,official_regional_pdp,Exact HOKA AU Clifton 9 product page used because an equivalent US PDP was not surfaced during reconstruction. 2026-03-30: exact AU regional PDP confirmed still live; no equivalent US exact PDP confirmed in this pass. Local HTML/PDF/screenshot capture completed. Local HTML/PDF/screenshot captures are archived in archived_specs for the Phase 1 provenance-hardening pass. 2026-03-30: exact AU regional PDP confirmed still live; no equivalent US exact PDP confirmed in this pass. Local HTML/PDF/screenshot capture completed. Local HTML/PDF/screenshot captures are archived in archived_specs for the Phase 1 provenance-hardening pass.,"Released dataset price was coded from a public listing during March 2026; the recovered page may now show a later markdown, a regional listing, or a colorway-specific SKU.","Screening stored reference mass anchored to comparable running footwear using Mesh upper, EVA-based, and Rubber construction.",Moderate-use screening assumption for versatile athletic footwear or lighter lifestyle/cleated constructions.,official_regional_pdp,https://au.hoka.com/products/m-clifton-9-1127895-blcks-blcks,https://au.hoka.com/products/m-clifton-9-1127895-blcks-blcks,1127895-BLCKS-BLCKS,archived_specs/canonical_40_live_html_captures/hoka_clifton_9.html,archived_specs/canonical_40_live_pdf_captures/hoka_clifton_9.pdf,archived_specs/canonical_40_screenshots/hoka_clifton_9.png,,captured_cleanly
Adidas Ultraboost Light,Adidas,Running,https://www.adidas.com/us/ultraboost-light-running-shoes/GZ5159.html,https://www.adidas.com/us/ultraboost-light-running-shoes/GZ5159.html,2026-03-30,official_exact_pdp,Exact adidas Ultraboost Light product page recovered. Local HTML/PDF/screenshot capture completed. Local HTML/PDF/screenshot captures are archived in archived_specs for the Phase 1 provenance-hardening pass. Local HTML/PDF/screenshot capture completed. Local HTML/PDF/screenshot captures are archived in archived_specs for the Phase 1 provenance-hardening pass.,"Released dataset price was coded from a public listing during March 2026; the recovered page may now show a later markdown, a regional listing, or a colorway-specific SKU.","Screening stored reference mass anchored to comparable running footwear using Primeknit, Boost foam, and Continental rubber construction.",Daily-use screening assumption for high-mileage performance footwear.,official_exact_pdp,https://www.adidas.com/us/ultraboost-light-running-shoes/GZ5159.html,https://www.adidas.com/us/ultraboost-light-running-shoes/GZ5159.html,,archived_specs/canonical_40_live_html_captures/adidas_ultraboost_light.html,archived_specs/canonical_40_live_pdf_captures/adidas_ultraboost_light.pdf,archived_specs/canonical_40_screenshots/adidas_ultraboost_light.png,,captured_cleanly
ASICS Gel-Kayano 31,ASICS,Running,https://www.asics.com/ph/en-ph/gel-kayano-31/p/1011B867-023.html,https://www.asics.com/ph/en-ph/gel-kayano-31/p/1011B867-023.html,2026-03-30,official_regional_pdp,Official ASICS Gel-Kayano 31 collection page used because a stable single-SKU US PDP was not surfaced during reconstruction. Upgraded from collection page to a live exact regional ASICS PDP. Local HTML/PDF/screenshot capture completed. Local HTML/PDF/screenshot captures are archived in archived_specs for the Phase 1 provenance-hardening pass. Upgraded from collection page to a live exact regional ASICS PDP. Local HTML/PDF/screenshot capture completed. Local HTML/PDF/screenshot captures are archived in archived_specs for the Phase 1 provenance-hardening pass.,"Released dataset price was coded from a public listing during March 2026; the recovered page may now show a later markdown, a regional listing, or a colorway-specific SKU.","Screening stored reference mass anchored to comparable running footwear using Mesh upper, FF Blast+ foam, and ASICSGRIP construction.",Daily-use screening assumption for high-mileage performance footwear.,official_regional_pdp,https://www.asics.com/ph/en-ph/gel-kayano-31/p/1011B867-023.html,https://www.asics.com/ph/en-ph/gel-kayano-31/p/1011B867-023.html,1011B867-023,archived_specs/canonical_40_live_html_captures/asics_gel_kayano_31.html,archived_specs/canonical_40_live_pdf_captures/asics_gel_kayano_31.pdf,archived_specs/canonical_40_screenshots/asics_gel_kayano_31.png,,captured_cleanly
New Balance Fresh Foam X 1080v13,New Balance,Running,https://www.newbalance.com/pd/fresh-foam-x-1080v13/W1080V13-43098.html,https://www.newbalance.com/pd/fresh-foam-x-1080v13/W1080V13-43098.html,2026-03-30,official_exact_pdp,Exact New Balance 1080v13 product page recovered. Local HTML/PDF/screenshot capture completed. Local HTML/PDF/screenshot captures are archived in archived_specs for the Phase 1 provenance-hardening pass. Local HTML/PDF/screenshot capture completed. Local HTML/PDF/screenshot captures are archived in archived_specs for the Phase 1 provenance-hardening pass.,"Released dataset price was coded from a public listing during March 2026; the recovered page may now show a later markdown, a regional listing, or a colorway-specific SKU.","Screening stored reference mass anchored to comparable running footwear using Hypoknit mesh, Fresh Foam X, and Rubber construction.",Daily-use screening assumption for high-mileage performance footwear.,official_exact_pdp,https://www.newbalance.com/pd/fresh-foam-x-1080v13/W1080V13-43098.html,https://www.newbalance.com/pd/fresh-foam-x-1080v13/W1080V13-43098.html,,archived_specs/canonical_40_live_html_captures/new_balance_fresh_foam_x_1080v13.html,archived_specs/canonical_40_live_pdf_captures/new_balance_fresh_foam_x_1080v13.pdf,archived_specs/canonical_40_screenshots/new_balance_fresh_foam_x_1080v13.png,,captured_cleanly
Saucony Ride 17,Saucony,Running,https://www.saucony.com/en/ride-17/58858W.html,https://www.saucony.com/en/ride-17/58858W.html,2026-03-30,official_exact_pdp,Exact Saucony Ride 17 product page recovered. Local HTML/PDF/screenshot capture completed. Local HTML/PDF/screenshot captures are archived in archived_specs for the Phase 1 provenance-hardening pass. Local HTML/PDF/screenshot capture completed. Local HTML/PDF/screenshot captures are archived in archived_specs for the Phase 1 provenance-hardening pass.,"Released dataset price was coded from a public listing during March 2026; the recovered page may now show a later markdown, a regional listing, or a colorway-specific SKU.","Screening stored reference mass anchored to comparable running footwear using Engineered mesh, PWRRUN+ foam, and Rubber construction.",Daily-use screening assumption for high-mileage performance footwear.,official_exact_pdp,https://www.saucony.com/en/ride-17/58858W.html,https://www.saucony.com/en/ride-17/58858W.html,,archived_specs/canonical_40_live_html_captures/saucony_ride_17.html,archived_specs/canonical_40_live_pdf_captures/saucony_ride_17.pdf,archived_specs/canonical_40_screenshots/saucony_ride_17.png,,captured_cleanly
On Cloudmonster,On,Running,https://www.on.com/en-us/products/cloudmonster-61/mens/,https://www.on.com/en-us/products/cloudmonster-61/mens/,2026-03-30,official_exact_pdp,"Official On Cloudmonster model-family page used because a single color-specific PDP was not required for model identification. Upgraded from collection page to a live exact On product page. Local capture may degrade to a JS shell, so PDF and screenshot matter most. Local HTML/PDF/screenshot capture completed. Local HTML/PDF/screenshot captures are archived in archived_specs for the Phase 1 provenance-hardening pass. Upgraded from collection page to a live exact On product page. Local capture may degrade to a JS shell, so PDF and screenshot matter most. Local HTML/PDF/screenshot capture completed. Local HTML/PDF/screenshot captures are archived in archived_specs for the Phase 1 provenance-hardening pass.","Released dataset price was coded from a public listing during March 2026; the recovered page may now show a later markdown, a regional listing, or a colorway-specific SKU.","Screening stored reference mass anchored to comparable running footwear using Engineered mesh, CloudTec, and Rubber construction.",Daily-use screening assumption for high-mileage performance footwear.,official_exact_pdp,https://www.on.com/en-us/products/cloudmonster-61/mens/,https://www.on.com/en-us/products/cloudmonster-61/mens/,,archived_specs/canonical_40_live_html_captures/on_cloudmonster.html,archived_specs/canonical_40_live_pdf_captures/on_cloudmonster.pdf,archived_specs/canonical_40_screenshots/on_cloudmonster.png,,captured_cleanly
Mizuno Wave Rider 27,Mizuno,Running,https://usa.mizuno.com/wave-rider-27/,https://usa.mizuno.com/wave-rider-27/,2026-03-30,official_collection_page,Official Mizuno Wave Rider 27 model page used because a stable single-SKU PDP was not surfaced during reconstruction. Current Mizuno model-family page retained; an exact product PDP was not surfaced in this pass. Local HTML/PDF/screenshot capture completed. Local HTML/PDF/screenshot captures are archived in archived_specs for the Phase 1 provenance-hardening pass. Current Mizuno model-family page retained; an exact product PDP was not surfaced in this pass. Local HTML/PDF/screenshot capture completed. Local HTML/PDF/screenshot captures are archived in archived_specs for the Phase 1 provenance-hardening pass.,"Released dataset price was coded from a public listing during March 2026; the recovered page may now show a later markdown, a regional listing, or a colorway-specific SKU.","Screening stored reference mass anchored to comparable running footwear using AIRmesh, Mizuno Enerzy, and Rubber construction.",Daily-use screening assumption for high-mileage performance footwear.,official_collection_page,https://usa.mizuno.com/wave-rider-27/,https://usa.mizuno.com/wave-rider-27/,,archived_specs/canonical_40_live_html_captures/mizuno_wave_rider_27.html,archived_specs/canonical_40_live_pdf_captures/mizuno_wave_rider_27.pdf,archived_specs/canonical_40_screenshots/mizuno_wave_rider_27.png,,captured_cleanly
Under Armour HOVR Phantom 3,Under Armour,Running,https://www.underarmour.com/en-us/p/dia_de_la_madre/ua_hovr_phantom_3_womens_running_shoes/3025517.html,https://www.underarmour.com/en-us/p/dia_de_la_madre/ua_hovr_phantom_3_womens_running_shoes/3025517.html,2026-03-30,official_exact_pdp,Exact Under Armour HOVR Phantom 3 product page recovered. Local HTML/PDF/screenshot capture completed. Local HTML/PDF/screenshot captures are archived in archived_specs for the Phase 1 provenance-hardening pass. Local HTML/PDF/screenshot capture completed. Local HTML/PDF/screenshot captures are archived in archived_specs for the Phase 1 provenance-hardening pass.,"Released dataset price was coded from a public listing during March 2026; the recovered page may now show a later markdown, a regional listing, or a colorway-specific SKU.","Screening stored reference mass anchored to comparable running footwear using Warp upper, HOVR foam, and Rubber construction.",Daily-use screening assumption for high-mileage performance footwear.,official_exact_pdp,https://www.underarmour.com/en-us/p/dia_de_la_madre/ua_hovr_phantom_3_womens_running_shoes/3025517.html,https://www.underarmour.com/en-us/p/dia_de_la_madre/ua_hovr_phantom_3_womens_running_shoes/3025517.html,,archived_specs/canonical_40_live_html_captures/under_armour_hovr_phantom_3.html,archived_specs/canonical_40_live_pdf_captures/under_armour_hovr_phantom_3.pdf,archived_specs/canonical_40_screenshots/under_armour_hovr_phantom_3.png,,captured_cleanly
Nike Sabrina 2,Nike,Basketball,https://www.nike.com/t/sabrina-2-court-vision-basketball-shoes-vvfGFS/FQ2174-002,https://www.nike.com/t/sabrina-2-court-vision-basketball-shoes-vvfGFS/FQ2174-002,2026-03-30,official_exact_pdp,Exact Nike Sabrina 2 product page recovered. Local HTML/PDF/screenshot capture completed. Local HTML/PDF/screenshot captures are archived in archived_specs for the Phase 1 provenance-hardening pass. Local HTML/PDF/screenshot capture completed. Local HTML/PDF/screenshot captures are archived in archived_specs for the Phase 1 provenance-hardening pass.,"Released dataset price was coded from a public listing during March 2026; the recovered page may now show a later markdown, a regional listing, or a colorway-specific SKU.","Screening stored reference mass anchored to comparable basketball footwear using Textile upper, Cushlon foam, and Rubber construction.",Moderate-use screening assumption for versatile athletic footwear or lighter lifestyle/cleated constructions.,official_exact_pdp,https://www.nike.com/t/sabrina-2-court-vision-basketball-shoes-vvfGFS/FQ2174-002,https://www.nike.com/t/sabrina-2-court-vision-basketball-shoes-vvfGFS/FQ2174-002,,archived_specs/canonical_40_live_html_captures/nike_sabrina_2.html,archived_specs/canonical_40_live_pdf_captures/nike_sabrina_2.pdf,archived_specs/canonical_40_screenshots/nike_sabrina_2.png,,captured_cleanly
Nike LeBron 21,Nike,Basketball,https://www.nike.com/t/lebron-xxi-prime-93-basketball-shoes-Bf5XLuQv,https://www.nike.com/t/lebron-xxi-prime-93-basketball-shoes-Bf5XLuQv,2026-03-30,official_exact_pdp,Exact Nike LeBron 21 product page recovered for a representative colorway within the LeBron 21 model family. Local HTML/PDF/screenshot capture completed. Local HTML/PDF/screenshot captures are archived in archived_specs for the Phase 1 provenance-hardening pass. Local HTML/PDF/screenshot capture completed. Local HTML/PDF/screenshot captures are archived in archived_specs for the Phase 1 provenance-hardening pass.,"Released dataset price was coded from a public listing during March 2026; the recovered page may now show a later markdown, a regional listing, or a colorway-specific SKU.","Screening stored reference mass anchored to comparable basketball footwear using Mesh/synthetic, Zoom Air, and Rubber construction.",Longer-life screening assumption for sturdier performance or partial-/full-leather constructions.,official_exact_pdp,https://www.nike.com/t/lebron-xxi-prime-93-basketball-shoes-Bf5XLuQv,https://www.nike.com/t/lebron-xxi-prime-93-basketball-shoes-Bf5XLuQv,,archived_specs/canonical_40_live_html_captures/nike_lebron_21.html,archived_specs/canonical_40_live_pdf_captures/nike_lebron_21.pdf,archived_specs/canonical_40_screenshots/nike_lebron_21.png,,captured_cleanly
Nike KD 17,Nike,Basketball,https://www.nike.com/ca/t/kd17-basketball-shoes-mRGfPx,https://www.nike.com/ca/t/kd17-basketball-shoes-mRGfPx,2026-03-30,official_regional_pdp,Official Nike Canada KD17 product page used because an equivalent US PDP was not surfaced during reconstruction. 2026-03-30: current Nike CA regional PDP confirms Style FJ9487-800; no clean US exact PDP surfaced in this pass. Local HTML/PDF/screenshot capture completed. Local HTML/PDF/screenshot captures are archived in archived_specs for the Phase 1 provenance-hardening pass. 2026-03-30: current Nike CA regional PDP confirms Style FJ9487-800; no clean US exact PDP surfaced in this pass. Local HTML/PDF/screenshot capture completed. Local HTML/PDF/screenshot captures are archived in archived_specs for the Phase 1 provenance-hardening pass.,"Released dataset price was coded from a public listing during March 2026; the recovered page may now show a later markdown, a regional listing, or a colorway-specific SKU.","Screening stored reference mass anchored to comparable basketball footwear using Textile mesh + TPU, Zoom Air, and Rubber construction.",Moderate-use screening assumption for versatile athletic footwear or lighter lifestyle/cleated constructions.,official_regional_pdp,https://www.nike.com/ca/t/kd17-basketball-shoes-mRGfPx,https://www.nike.com/ca/t/kd17-basketball-shoes-mRGfPx,FJ9487-800,archived_specs/canonical_40_live_html_captures/nike_kd_17.html,archived_specs/canonical_40_live_pdf_captures/nike_kd_17.pdf,archived_specs/canonical_40_screenshots/nike_kd_17.png,,captured_cleanly
Adidas Harden Vol. 8,Adidas,Basketball,https://news.adidas.com/basketball/adidas-basketball-launches-the-harden-vol-8/s/48f1c5a8-78b4-46af-a589-9135de95b6ed,https://news.adidas.com/basketball/adidas-basketball-launches-the-harden-vol-8/s/48f1c5a8-78b4-46af-a589-9135de95b6ed,2026-03-30,official_release_page,Official adidas Harden Vol. 8 collection page used because a stable single-SKU PDP was not surfaced during reconstruction. Original adidas collection URL now appears inactive; switched to the live official adidas Basketball release page as the strongest current official source. Local HTML/PDF/screenshot capture completed. Local HTML/PDF/screenshot captures are archived in archived_specs for the Phase 1 provenance-hardening pass. Original adidas collection URL now appears inactive; switched to the live official adidas Basketball release page as the strongest current official source. Local HTML/PDF/screenshot capture completed. Local HTML/PDF/screenshot captures are archived in archived_specs for the Phase 1 provenance-hardening pass.,"Released dataset price was coded from a public listing during March 2026; the recovered page may now show a later markdown, a regional listing, or a colorway-specific SKU.","Screening stored reference mass anchored to comparable basketball footwear using Synthetic upper, Boost + Lightstrike, and Rubber construction.",Moderate-use screening assumption for versatile athletic footwear or lighter lifestyle/cleated constructions.,official_release_page,https://news.adidas.com/basketball/adidas-basketball-launches-the-harden-vol-8/s/48f1c5a8-78b4-46af-a589-9135de95b6ed,https://news.adidas.com/basketball/adidas-basketball-launches-the-harden-vol-8/s/48f1c5a8-78b4-46af-a589-9135de95b6ed,,archived_specs/canonical_40_live_html_captures/adidas_harden_vol_8.html,archived_specs/canonical_40_live_pdf_captures/adidas_harden_vol_8.pdf,archived_specs/canonical_40_screenshots/adidas_harden_vol_8.png,,captured_cleanly
Nike Zoom GT Cut 3,Nike,Basketball,https://www.nike.com/t/gt-cut-3-basketball-shoes-GLHCGc/DV2913-001,https://www.nike.com/t/gt-cut-3-basketball-shoes-GLHCGc/DV2913-001,2026-03-30,official_exact_pdp,Official Nike release page used because it documents the GT Cut 3 technical description and launch context; a stable exact US PDP was not surfaced during reconstruction. Upgraded from release-page citation to a live exact Nike PDP. Local HTML/PDF/screenshot capture completed. Local HTML/PDF/screenshot captures are archived in archived_specs for the Phase 1 provenance-hardening pass. Upgraded from release-page citation to a live exact Nike PDP. Local HTML/PDF/screenshot capture completed. Local HTML/PDF/screenshot captures are archived in archived_specs for the Phase 1 provenance-hardening pass.,"Released dataset price was coded from a public listing during March 2026; the recovered page may now show a later markdown, a regional listing, or a colorway-specific SKU.","Screening stored reference mass anchored to comparable basketball footwear using Mesh upper, React + Zoom Air, and Rubber construction.",Moderate-use screening assumption for versatile athletic footwear or lighter lifestyle/cleated constructions.,official_exact_pdp,https://www.nike.com/t/gt-cut-3-basketball-shoes-GLHCGc/DV2913-001,https://www.nike.com/t/gt-cut-3-basketball-shoes-GLHCGc/DV2913-001,II6580-001,archived_specs/canonical_40_live_html_captures/nike_zoom_gt_cut_3.html,archived_specs/canonical_40_live_pdf_captures/nike_zoom_gt_cut_3.pdf,archived_specs/canonical_40_screenshots/nike_zoom_gt_cut_3.png,,captured_cleanly
Adidas AE 1,Adidas,Basketball,https://www.adidas.com/us/anthony-edwards-1-low-shoes/JS0646.html,https://www.adidas.com/us/anthony-edwards-1-low-shoes/JS0646.html,2026-03-30,official_exact_pdp,Exact adidas Anthony Edwards 1 Low product page used as the released AE 1 reference. Local HTML/PDF/screenshot capture completed. Local HTML/PDF/screenshot captures are archived in archived_specs for the Phase 1 provenance-hardening pass. Local HTML/PDF/screenshot capture completed. Local HTML/PDF/screenshot captures are archived in archived_specs for the Phase 1 provenance-hardening pass.,"Released dataset price was coded from a public listing during March 2026; the recovered page may now show a later markdown, a regional listing, or a colorway-specific SKU.","Screening stored reference mass anchored to comparable basketball footwear using Textile upper, Lightstrike, and Rubber construction.",Moderate-use screening assumption for versatile athletic footwear or lighter lifestyle/cleated constructions.,official_exact_pdp,https://www.adidas.com/us/anthony-edwards-1-low-shoes/JS0646.html,https://www.adidas.com/us/anthony-edwards-1-low-shoes/JS0646.html,,archived_specs/canonical_40_live_html_captures/adidas_ae_1.html,archived_specs/canonical_40_live_pdf_captures/adidas_ae_1.pdf,archived_specs/canonical_40_screenshots/adidas_ae_1.png,,captured_cleanly
Puma MB.03,Puma,Basketball,https://us.puma.com/us/en/pd/mb.03-lo-team-mens-basketball-shoes/310519.html,https://us.puma.com/us/en/pd/mb.03-lo-team-mens-basketball-shoes/310519.html,2026-03-30,official_exact_pdp,Exact PUMA MB.03 Lo Team product page used as the released MB.03 reference. Local HTML/PDF/screenshot capture completed. Local HTML/PDF/screenshot captures are archived in archived_specs for the Phase 1 provenance-hardening pass. Local HTML/PDF/screenshot capture completed. Local HTML/PDF/screenshot captures are archived in archived_specs for the Phase 1 provenance-hardening pass.,"Released dataset price was coded from a public listing during March 2026; the recovered page may now show a later markdown, a regional listing, or a colorway-specific SKU.","Screening stored reference mass anchored to comparable basketball footwear using Mesh upper, NITROFOAM, and Rubber construction.",Moderate-use screening assumption for versatile athletic footwear or lighter lifestyle/cleated constructions.,official_exact_pdp,https://us.puma.com/us/en/pd/mb.03-lo-team-mens-basketball-shoes/310519.html,https://us.puma.com/us/en/pd/mb.03-lo-team-mens-basketball-shoes/310519.html,,archived_specs/canonical_40_live_html_captures/puma_mb_03.html,archived_specs/canonical_40_live_pdf_captures/puma_mb_03.pdf,archived_specs/canonical_40_screenshots/puma_mb_03.png,,captured_cleanly
Jordan Luka 2,Jordan,Basketball,https://www.nike.com/jp/en/t/luka-2-bred-basketball-shoes-CMxGK2,https://www.nike.com/jp/en/t/luka-2-bred-basketball-shoes-CMxGK2,2026-03-30,official_regional_pdp,Official Nike/Jordan release page used because it documents Luka 2 features and MSRP; a stable exact Jordan.com PDP was not surfaced during reconstruction. Live exact regional Nike/Jordan PDP confirmed; no current U.S. PDP surfaced in this pass. Local HTML/PDF/screenshot capture completed. Local HTML/PDF/screenshot captures are archived in archived_specs for the Phase 1 provenance-hardening pass. Live exact regional Nike/Jordan PDP confirmed; no current U.S. PDP surfaced in this pass. Local HTML/PDF/screenshot capture completed. Local HTML/PDF/screenshot captures are archived in archived_specs for the Phase 1 provenance-hardening pass.,"Released dataset price was coded from a public listing during March 2026; the recovered page may now show a later markdown, a regional listing, or a colorway-specific SKU.","Screening stored reference mass anchored to comparable basketball footwear using Mesh/synthetic, Zoom Air, and Rubber construction.",Moderate-use screening assumption for versatile athletic footwear or lighter lifestyle/cleated constructions.,official_regional_pdp,https://www.nike.com/jp/en/t/luka-2-bred-basketball-shoes-CMxGK2,https://www.nike.com/jp/en/t/luka-2-bred-basketball-shoes-CMxGK2,DX8733-007,archived_specs/canonical_40_live_html_captures/jordan_luka_2.html,archived_specs/canonical_40_live_pdf_captures/jordan_luka_2.pdf,archived_specs/canonical_40_screenshots/jordan_luka_2.png,,captured_cleanly
New Balance TWO WXY v4,New Balance,Basketball,https://www.newbalance.com/pd/two-wxy-v4/BB2WYV4-46223.html,https://www.newbalance.com/pd/two-wxy-v4/BB2WYV4-46223.html,2026-03-30,official_exact_pdp,Exact New Balance TWO WXY v4 product page recovered. Local HTML/PDF/screenshot capture completed. Local HTML/PDF/screenshot captures are archived in archived_specs for the Phase 1 provenance-hardening pass. Local HTML/PDF/screenshot capture completed. Local HTML/PDF/screenshot captures are archived in archived_specs for the Phase 1 provenance-hardening pass.,"Released dataset price was coded from a public listing during March 2026; the recovered page may now show a later markdown, a regional listing, or a colorway-specific SKU.","Screening stored reference mass anchored to comparable basketball footwear using Synthetic mesh, FuelCell, and Rubber construction.",Moderate-use screening assumption for versatile athletic footwear or lighter lifestyle/cleated constructions.,official_exact_pdp,https://www.newbalance.com/pd/two-wxy-v4/BB2WYV4-46223.html,https://www.newbalance.com/pd/two-wxy-v4/BB2WYV4-46223.html,,archived_specs/canonical_40_live_html_captures/new_balance_two_wxy_v4.html,archived_specs/canonical_40_live_pdf_captures/new_balance_two_wxy_v4.pdf,archived_specs/canonical_40_screenshots/new_balance_two_wxy_v4.png,,captured_cleanly
Under Armour Curry 11,Under Armour,Basketball,https://www.underarmour.com/en-us/p/3027577.html,https://www.underarmour.com/en-us/p/3027577.html,2026-03-30,official_exact_pdp,"Exact Under Armour Curry 11 product page recovered, but via a grade-school colorway page during reconstruction. Local HTML/PDF/screenshot capture completed. Local HTML/PDF/screenshot captures are archived in archived_specs for the Phase 1 provenance-hardening pass. Local HTML/PDF/screenshot capture completed. Local HTML/PDF/screenshot captures are archived in archived_specs for the Phase 1 provenance-hardening pass.","Released dataset price was coded from a public listing during March 2026; the recovered page may now show a later markdown, a regional listing, or a colorway-specific SKU.","Screening stored reference mass anchored to comparable basketball footwear using UA Warp, Flow, and Rubber construction.",Moderate-use screening assumption for versatile athletic footwear or lighter lifestyle/cleated constructions.,official_exact_pdp,https://www.underarmour.com/en-us/p/3027577.html,https://www.underarmour.com/en-us/p/3027577.html,,archived_specs/canonical_40_live_html_captures/under_armour_curry_11.html,archived_specs/canonical_40_live_pdf_captures/under_armour_curry_11.pdf,archived_specs/canonical_40_screenshots/under_armour_curry_11.png,,captured_cleanly
Nike Air Force 1 '07,Nike,Casual,https://www.nike.com/t/air-force-1-07-mens-shoes-XVPIszaq/DJ2739-100,https://www.nike.com/t/air-force-1-07-mens-shoes-XVPIszaq/DJ2739-100,2026-03-30,official_exact_pdp,Exact Nike Air Force 1 07 product page recovered. Local HTML/PDF/screenshot capture completed. Local HTML/PDF/screenshot captures are archived in archived_specs for the Phase 1 provenance-hardening pass. Local HTML/PDF/screenshot capture completed. Local HTML/PDF/screenshot captures are archived in archived_specs for the Phase 1 provenance-hardening pass.,"Released dataset price was coded from a public listing during March 2026; the recovered page may now show a later markdown, a regional listing, or a colorway-specific SKU.","Screening stored reference mass anchored to comparable casual footwear using Full grain leather, Foam, and Rubber construction.",Multi-year casual-use screening assumption for classic leather sneakers.,official_exact_pdp,https://www.nike.com/t/air-force-1-07-mens-shoes-XVPIszaq/DJ2739-100,https://www.nike.com/t/air-force-1-07-mens-shoes-XVPIszaq/DJ2739-100,,archived_specs/canonical_40_live_html_captures/nike_air_force_1_07.html,archived_specs/canonical_40_live_pdf_captures/nike_air_force_1_07.pdf,archived_specs/canonical_40_screenshots/nike_air_force_1_07.png,,captured_cleanly
Nike Air Force 1 '07 LV8,Nike,Casual,https://www.nike.com/t/air-force-1-07-lv8-mens-shoes-tSK1jD/FQ8714-005,https://www.nike.com/t/air-force-1-07-lv8-mens-shoes-tSK1jD/FQ8714-005,2026-03-30,official_exact_pdp,Official Nike Air Force 1 collection page used because a stable exact Air Force 1 07 LV8 PDP was not surfaced during reconstruction. 2026-03-30: upgraded from Nike collection page to exact US PDP via official search result; listing confirms Style FQ8714-005. Local HTML/PDF/screenshot capture completed. Local HTML/PDF/screenshot captures are archived in archived_specs for the Phase 1 provenance-hardening pass. 2026-03-30: upgraded from Nike collection page to exact US PDP via official search result; listing confirms Style FQ8714-005. Local HTML/PDF/screenshot capture completed. Local HTML/PDF/screenshot captures are archived in archived_specs for the Phase 1 provenance-hardening pass.,"Released dataset price was coded from a public listing during March 2026; the recovered page may now show a later markdown, a regional listing, or a colorway-specific SKU.","Screening stored reference mass anchored to comparable casual footwear using Tumbled leather, Foam, and Rubber construction.",Multi-year casual-use screening assumption for classic leather sneakers.,official_exact_pdp,https://www.nike.com/t/air-force-1-07-lv8-mens-shoes-tSK1jD/FQ8714-005,https://www.nike.com/t/air-force-1-07-lv8-mens-shoes-tSK1jD/FQ8714-005,FQ8714-005,archived_specs/canonical_40_live_html_captures/nike_air_force_1_07_lv8.html,archived_specs/canonical_40_live_pdf_captures/nike_air_force_1_07_lv8.pdf,archived_specs/canonical_40_screenshots/nike_air_force_1_07_lv8.png,,captured_cleanly
Adidas Stan Smith,Adidas,Casual,https://www.adidas.com/us/stan-smith-shoes/FX5509.html,https://www.adidas.com/us/stan-smith-shoes/FX5509.html,2026-03-30,official_exact_pdp,Exact adidas Stan Smith product page recovered. Local HTML/PDF/screenshot capture completed. Local HTML/PDF/screenshot captures are archived in archived_specs for the Phase 1 provenance-hardening pass. Local HTML/PDF/screenshot capture completed. Local HTML/PDF/screenshot captures are archived in archived_specs for the Phase 1 provenance-hardening pass.,"Released dataset price was coded from a public listing during March 2026; the recovered page may now show a later markdown, a regional listing, or a colorway-specific SKU.","Screening stored reference mass anchored to comparable casual footwear using Full grain leather, EVA, and Rubber construction.",Extended casual-use screening assumption for durable lifestyle sneakers.,official_exact_pdp,https://www.adidas.com/us/stan-smith-shoes/FX5509.html,https://www.adidas.com/us/stan-smith-shoes/FX5509.html,,archived_specs/canonical_40_live_html_captures/adidas_stan_smith.html,archived_specs/canonical_40_live_pdf_captures/adidas_stan_smith.pdf,archived_specs/canonical_40_screenshots/adidas_stan_smith.png,,captured_cleanly
Adidas Stan Smith Primegreen,Adidas,Casual,https://www.adidas.com/us/stan-smith-shoes/FX5509.html,https://www.adidas.com/us/stan-smith-shoes/FX5509.html,2026-03-30,official_exact_pdp_redirect,"Official adidas newsroom release used because it documents the Stan Smith Primegreen/Clean Classics material concept and positioning. Upgraded from adidas newsroom coverage to a direct historical adidas SKU URL; the current URL redirects into the broader Stan Smith collection, so local captures reflect the redirected landing page. Local HTML/PDF/screenshot capture completed. Local HTML/PDF/screenshot captures are archived in archived_specs for the Phase 1 provenance-hardening pass. Upgraded from adidas newsroom coverage to a direct historical adidas SKU URL; the current URL redirects into the broader Stan Smith collection, so local captures reflect the redirected landing page. Local HTML/PDF/screenshot capture completed. Local HTML/PDF/screenshot captures are archived in archived_specs for the Phase 1 provenance-hardening pass.","Released dataset price was coded from a public listing during March 2026; the recovered page may now show a later markdown, a regional listing, or a colorway-specific SKU.","Screening stored reference mass anchored to comparable casual footwear using Recycled synthetic, EVA, and Rubber construction.",Moderate-use screening assumption for versatile athletic footwear or lighter lifestyle/cleated constructions.,official_exact_pdp_redirect,https://www.adidas.com/us/stan-smith-shoes/FX5509.html,https://www.adidas.com/us/stan-smith-shoes/FX5509.html,FX5509,archived_specs/canonical_40_live_html_captures/adidas_stan_smith_primegreen.html,archived_specs/canonical_40_live_pdf_captures/adidas_stan_smith_primegreen.pdf,archived_specs/canonical_40_screenshots/adidas_stan_smith_primegreen.png,,captured_cleanly
Converse Chuck Taylor All Star,Converse,Casual,https://www.converse.com/shop/p/chuck-taylor-all-star-canvas-unisex-high-top-shoe/A14606F.html,https://www.converse.com/shop/p/chuck-taylor-all-star-canvas-unisex-high-top-shoe/A14606F.html,2026-03-30,official_exact_pdp,Exact Converse Chuck Taylor All Star product page recovered. Local HTML/PDF/screenshot capture completed. Local HTML/PDF/screenshot captures are archived in archived_specs for the Phase 1 provenance-hardening pass. Local HTML/PDF/screenshot capture completed. Local HTML/PDF/screenshot captures are archived in archived_specs for the Phase 1 provenance-hardening pass.,"Released dataset price was coded from a public listing during March 2026; the recovered page may now show a later markdown, a regional listing, or a colorway-specific SKU.","Screening stored reference mass anchored to comparable casual footwear using Canvas, Rubber, and Vulcanized rubber construction.",Longer-life screening assumption for sturdier performance or partial-/full-leather constructions.,official_exact_pdp,https://www.converse.com/shop/p/chuck-taylor-all-star-canvas-unisex-high-top-shoe/A14606F.html,https://www.converse.com/shop/p/chuck-taylor-all-star-canvas-unisex-high-top-shoe/A14606F.html,,archived_specs/canonical_40_live_html_captures/converse_chuck_taylor_all_star.html,archived_specs/canonical_40_live_pdf_captures/converse_chuck_taylor_all_star.pdf,archived_specs/canonical_40_screenshots/converse_chuck_taylor_all_star.png,,captured_cleanly
New Balance 550,New Balance,Casual,https://www.newbalance.com/pd/550/BB550ETN-D-085.html,https://www.newbalance.com/pd/550/BB550ETN-D-085.html,2026-03-30,official_exact_pdp,Exact New Balance 550 product page recovered. Local HTML/PDF/screenshot capture completed. Local HTML/PDF/screenshot captures are archived in archived_specs for the Phase 1 provenance-hardening pass. Local HTML/PDF/screenshot capture completed. Local HTML/PDF/screenshot captures are archived in archived_specs for the Phase 1 provenance-hardening pass.,"Released dataset price was coded from a public listing during March 2026; the recovered page may now show a later markdown, a regional listing, or a colorway-specific SKU.","Screening stored reference mass anchored to comparable casual footwear using Leather/synthetic, Foam, and Rubber construction.",Extended casual-use screening assumption for durable lifestyle sneakers.,official_exact_pdp,https://www.newbalance.com/pd/550/BB550ETN-D-085.html,https://www.newbalance.com/pd/550/BB550ETN-D-085.html,,archived_specs/canonical_40_live_html_captures/new_balance_550.html,archived_specs/canonical_40_live_pdf_captures/new_balance_550.pdf,archived_specs/canonical_40_screenshots/new_balance_550.png,,captured_cleanly
Vans Old Skool,Vans,Casual,https://www.vans.com/en-us/p/shoes/icons/old-skool-5205/skate-old-skool-shoe-VN000EDNW00,https://www.vans.com/en-us/p/shoes/icons/old-skool-5205/skate-old-skool-shoe-VN000EDNW00,2026-03-30,official_exact_pdp,"Official Vans Old Skool-family product page recovered via the Skate Old Skool line, which preserves the same icon-family upper and sole construction cues used in dataset coding. Local HTML/PDF/screenshot capture completed. Local HTML/PDF/screenshot captures are archived in archived_specs for the Phase 1 provenance-hardening pass. Local HTML/PDF/screenshot capture completed. Local HTML/PDF/screenshot captures are archived in archived_specs for the Phase 1 provenance-hardening pass.","Released dataset price was coded from a public listing during March 2026; the recovered page may now show a later markdown, a regional listing, or a colorway-specific SKU.","Screening stored reference mass anchored to comparable casual footwear using Suede + canvas, Foam, and Vulcanized rubber construction.",Moderate-use screening assumption for versatile athletic footwear or lighter lifestyle/cleated constructions.,official_exact_pdp,https://www.vans.com/en-us/p/shoes/icons/old-skool-5205/skate-old-skool-shoe-VN000EDNW00,https://www.vans.com/en-us/p/shoes/icons/old-skool-5205/skate-old-skool-shoe-VN000EDNW00,,archived_specs/canonical_40_live_html_captures/vans_old_skool.html,archived_specs/canonical_40_live_pdf_captures/vans_old_skool.pdf,archived_specs/canonical_40_screenshots/vans_old_skool.png,,captured_cleanly
Reebok Club C 85,Reebok,Casual,https://www.reebok.com/products/reebok-club-c-85-vintage-shoes-chalk-alabaster-maroon-103162,https://www.reebok.com/products/reebok-club-c-85-vintage-shoes-chalk-alabaster-maroon-103162,2026-03-30,official_exact_pdp,Official Reebok Club C 85 Vintage product page used as the closest recovered Club C 85 family reference during reconstruction. Local HTML/PDF/screenshot capture completed. Local HTML/PDF/screenshot captures are archived in archived_specs for the Phase 1 provenance-hardening pass. Local HTML/PDF/screenshot capture completed. Local HTML/PDF/screenshot captures are archived in archived_specs for the Phase 1 provenance-hardening pass.,"Released dataset price was coded from a public listing during March 2026; the recovered page may now show a later markdown, a regional listing, or a colorway-specific SKU.","Screening stored reference mass anchored to comparable casual footwear using Soft leather, EVA, and Rubber construction.",Extended casual-use screening assumption for durable lifestyle sneakers.,official_exact_pdp,https://www.reebok.com/products/reebok-club-c-85-vintage-shoes-chalk-alabaster-maroon-103162,https://www.reebok.com/products/reebok-club-c-85-vintage-shoes-chalk-alabaster-maroon-103162,,archived_specs/canonical_40_live_html_captures/reebok_club_c_85.html,archived_specs/canonical_40_live_pdf_captures/reebok_club_c_85.pdf,archived_specs/canonical_40_screenshots/reebok_club_c_85.png,,captured_cleanly
Puma Suede Classic,Puma,Casual,https://us.puma.com/us/en/pd/suede-classic-mens-sneakers/365347,https://us.puma.com/us/en/pd/suede-classic-mens-sneakers/365347,2026-03-30,official_exact_pdp,Exact PUMA Suede Classic product page recovered. Local HTML/PDF/screenshot capture completed. Local HTML/PDF/screenshot captures are archived in archived_specs for the Phase 1 provenance-hardening pass. Local HTML/PDF/screenshot capture completed. Local HTML/PDF/screenshot captures are archived in archived_specs for the Phase 1 provenance-hardening pass.,"Released dataset price was coded from a public listing during March 2026; the recovered page may now show a later markdown, a regional listing, or a colorway-specific SKU.","Screening stored reference mass anchored to comparable casual footwear using Full suede, Foam, and Rubber construction.",Longer-life screening assumption for sturdier performance or partial-/full-leather constructions.,official_exact_pdp,https://us.puma.com/us/en/pd/suede-classic-mens-sneakers/365347,https://us.puma.com/us/en/pd/suede-classic-mens-sneakers/365347,,archived_specs/canonical_40_live_html_captures/puma_suede_classic.html,archived_specs/canonical_40_live_pdf_captures/puma_suede_classic.pdf,archived_specs/canonical_40_screenshots/puma_suede_classic.png,,captured_cleanly
Dr. Martens 1461,Dr. Martens,Casual,https://www.drmartens.com/us/en/1461-smooth-leather-oxford-shoes-black/p/11838002,https://www.drmartens.com/us/en/1461-smooth-leather-oxford-shoes-black/p/11838002,2026-03-30,official_exact_pdp,Exact Dr. Martens 1461 Smooth Leather Oxford product page recovered. Local HTML/PDF/screenshot capture completed. Local HTML/PDF/screenshot captures are archived in archived_specs for the Phase 1 provenance-hardening pass. Local HTML/PDF/screenshot capture completed. Local HTML/PDF/screenshot captures are archived in archived_specs for the Phase 1 provenance-hardening pass.,"Released dataset price was coded from a public listing during March 2026; the recovered page may now show a later markdown, a regional listing, or a colorway-specific SKU.","Screening stored reference mass anchored to comparable casual footwear using Full grain leather, PVC, and Rubber construction.",Long-life screening assumption for heavy leather oxford/boot-like construction.,official_exact_pdp,https://www.drmartens.com/us/en/1461-smooth-leather-oxford-shoes-black/p/11838002,https://www.drmartens.com/us/en/1461-smooth-leather-oxford-shoes-black/p/11838002,,archived_specs/canonical_40_live_html_captures/dr_martens_1461.html,archived_specs/canonical_40_live_pdf_captures/dr_martens_1461.pdf,archived_specs/canonical_40_screenshots/dr_martens_1461.png,,captured_cleanly
Nike Mercurial Superfly 10 Academy,Nike,Soccer,https://www.nike.com/t/mercurial-superfly-10-academy-multi-ground-high-top-soccer-cleats-IeaDQZH0/FQ1456-001,https://www.nike.com/t/mercurial-superfly-10-academy-multi-ground-high-top-soccer-cleats-IeaDQZH0/FQ1456-001,2026-03-30,official_exact_pdp,Exact Nike Mercurial Superfly 10 Academy product page recovered. Local HTML/PDF/screenshot capture completed. Local HTML/PDF/screenshot captures are archived in archived_specs for the Phase 1 provenance-hardening pass. Local HTML/PDF/screenshot capture completed. Local HTML/PDF/screenshot captures are archived in archived_specs for the Phase 1 provenance-hardening pass.,"Released dataset price was coded from a public listing during March 2026; the recovered page may now show a later markdown, a regional listing, or a colorway-specific SKU.","Screening stored reference mass anchored to comparable soccer footwear using NikeSkin synthetic, Foam, and TPU/Rubber construction.",Moderate-use screening assumption for versatile athletic footwear or lighter lifestyle/cleated constructions.,official_exact_pdp,https://www.nike.com/t/mercurial-superfly-10-academy-multi-ground-high-top-soccer-cleats-IeaDQZH0/FQ1456-001,https://www.nike.com/t/mercurial-superfly-10-academy-multi-ground-high-top-soccer-cleats-IeaDQZH0/FQ1456-001,,archived_specs/canonical_40_live_html_captures/nike_mercurial_superfly_10_academy.html,archived_specs/canonical_40_live_pdf_captures/nike_mercurial_superfly_10_academy.pdf,archived_specs/canonical_40_screenshots/nike_mercurial_superfly_10_academy.png,,captured_cleanly
Nike Tiempo Legend 10 Elite,Nike,Soccer,https://www.nike.com/t/tiempo-legend-10-elite-luxe-fg-low-top-soccer-cleats-FMZttnUd/FZ1487-100,https://www.nike.com/t/tiempo-legend-10-elite-luxe-fg-low-top-soccer-cleats-FMZttnUd/FZ1487-100,2026-03-30,official_exact_pdp,Official Nike Tiempo Legend 10 Elite LUXE product page used as a representative FlyTouch Plus-equipped Elite variant within the Legend 10 family. Local HTML/PDF/screenshot capture completed. Local HTML/PDF/screenshot captures are archived in archived_specs for the Phase 1 provenance-hardening pass. Local HTML/PDF/screenshot capture completed. Local HTML/PDF/screenshot captures are archived in archived_specs for the Phase 1 provenance-hardening pass.,"Released dataset price was coded from a public listing during March 2026; the recovered page may now show a later markdown, a regional listing, or a colorway-specific SKU.","Screening stored reference mass anchored to comparable soccer footwear using FlyTouch Plus, Foam, and Rubber construction.",Moderate-use screening assumption for versatile athletic footwear or lighter lifestyle/cleated constructions.,official_exact_pdp,https://www.nike.com/t/tiempo-legend-10-elite-luxe-fg-low-top-soccer-cleats-FMZttnUd/FZ1487-100,https://www.nike.com/t/tiempo-legend-10-elite-luxe-fg-low-top-soccer-cleats-FMZttnUd/FZ1487-100,,archived_specs/canonical_40_live_html_captures/nike_tiempo_legend_10_elite.html,archived_specs/canonical_40_live_pdf_captures/nike_tiempo_legend_10_elite.pdf,archived_specs/canonical_40_screenshots/nike_tiempo_legend_10_elite.png,,captured_cleanly
Adidas Predator 24 Elite,Adidas,Soccer,https://www.adidas.com/us/predator-24-elite-low-firm-ground-soccer-cleats/IE1804.html,https://www.adidas.com/us/predator-24-elite-low-firm-ground-soccer-cleats/IE1804.html,2026-03-30,official_exact_pdp,Exact adidas Predator 24 Elite product page recovered. Local HTML/PDF/screenshot capture completed. Local HTML/PDF/screenshot captures are archived in archived_specs for the Phase 1 provenance-hardening pass. Local HTML/PDF/screenshot capture completed. Local HTML/PDF/screenshot captures are archived in archived_specs for the Phase 1 provenance-hardening pass.,"Released dataset price was coded from a public listing during March 2026; the recovered page may now show a later markdown, a regional listing, or a colorway-specific SKU.","Screening stored reference mass anchored to comparable soccer footwear using HybridTouch 2.0, Foam, and Rubber construction.",Moderate-use screening assumption for versatile athletic footwear or lighter lifestyle/cleated constructions.,official_exact_pdp,https://www.adidas.com/us/predator-24-elite-low-firm-ground-soccer-cleats/IE1804.html,https://www.adidas.com/us/predator-24-elite-low-firm-ground-soccer-cleats/IE1804.html,,archived_specs/canonical_40_live_html_captures/adidas_predator_24_elite.html,archived_specs/canonical_40_live_pdf_captures/adidas_predator_24_elite.pdf,archived_specs/canonical_40_screenshots/adidas_predator_24_elite.png,,captured_cleanly
Puma Future 8 Ultimate,Puma,Soccer,https://us.puma.com/us/en/pd/future-8-ultimate-firm-ground-mens-soccer-cleats/108138,https://us.puma.com/us/en/pd/future-8-ultimate-firm-ground-mens-soccer-cleats/108138,2026-03-30,official_exact_pdp,Exact PUMA Future 8 Ultimate product page recovered. Local HTML/PDF/screenshot capture completed. Local HTML/PDF/screenshot captures are archived in archived_specs for the Phase 1 provenance-hardening pass. Local HTML/PDF/screenshot capture completed. Local HTML/PDF/screenshot captures are archived in archived_specs for the Phase 1 provenance-hardening pass.,"Released dataset price was coded from a public listing during March 2026; the recovered page may now show a later markdown, a regional listing, or a colorway-specific SKU.","Screening stored reference mass anchored to comparable soccer footwear using Mesh + PWRTAPE, Foam, and Rubber construction.",Moderate-use screening assumption for versatile athletic footwear or lighter lifestyle/cleated constructions.,official_exact_pdp,https://us.puma.com/us/en/pd/future-8-ultimate-firm-ground-mens-soccer-cleats/108138,https://us.puma.com/us/en/pd/future-8-ultimate-firm-ground-mens-soccer-cleats/108138,,archived_specs/canonical_40_live_html_captures/puma_future_8_ultimate.html,archived_specs/canonical_40_live_pdf_captures/puma_future_8_ultimate.pdf,archived_specs/canonical_40_screenshots/puma_future_8_ultimate.png,,captured_cleanly
Adidas Copa Pure 2 Elite,Adidas,Soccer,https://www.adidas.com/us/copa-pure-ii-elite-firm-ground-cleats/IE7487.html,https://www.adidas.com/us/copa-pure-ii-elite-firm-ground-cleats/IE7487.html,2026-03-30,official_exact_pdp,Exact adidas Copa Pure II Elite product page recovered. Local HTML/PDF/screenshot capture completed. Local HTML/PDF/screenshot captures are archived in archived_specs for the Phase 1 provenance-hardening pass. Local HTML/PDF/screenshot capture completed. Local HTML/PDF/screenshot captures are archived in archived_specs for the Phase 1 provenance-hardening pass.,"Released dataset price was coded from a public listing during March 2026; the recovered page may now show a later markdown, a regional listing, or a colorway-specific SKU.","Screening stored reference mass anchored to comparable soccer footwear using K-Leather, Foam, and Rubber construction.",Longer-life screening assumption for sturdier performance or partial-/full-leather constructions.,official_exact_pdp,https://www.adidas.com/us/copa-pure-ii-elite-firm-ground-cleats/IE7487.html,https://www.adidas.com/us/copa-pure-ii-elite-firm-ground-cleats/IE7487.html,,archived_specs/canonical_40_live_html_captures/adidas_copa_pure_2_elite.html,archived_specs/canonical_40_live_pdf_captures/adidas_copa_pure_2_elite.pdf,archived_specs/canonical_40_screenshots/adidas_copa_pure_2_elite.png,,captured_cleanly
Nike Phantom GX 2 Elite,Nike,Soccer,https://www.nike.com/t/phantom-gx-2-elite-fg-low-top-soccer-cleats-lSxqH0/FJ2559-002,https://www.nike.com/t/phantom-gx-2-elite-fg-low-top-soccer-cleats-lSxqH0/FJ2559-002,2026-03-30,official_exact_pdp,Official Nike regional PDP used because an equivalent US exact product page was not surfaced during reconstruction. 2026-03-30: upgraded from regional Nike ID PDP to exact US PDP via official search result; listing confirms Style FJ2559-002. Local HTML/PDF/screenshot capture completed. Local HTML/PDF/screenshot captures are archived in archived_specs for the Phase 1 provenance-hardening pass. 2026-03-30: upgraded from regional Nike ID PDP to exact US PDP via official search result; listing confirms Style FJ2559-002. Local HTML/PDF/screenshot capture completed. Local HTML/PDF/screenshot captures are archived in archived_specs for the Phase 1 provenance-hardening pass.,"Released dataset price was coded from a public listing during March 2026; the recovered page may now show a later markdown, a regional listing, or a colorway-specific SKU.","Screening stored reference mass anchored to comparable soccer footwear using NikeSkin + Gripknit, Foam, and Rubber construction.",Moderate-use screening assumption for versatile athletic footwear or lighter lifestyle/cleated constructions.,official_exact_pdp,https://www.nike.com/t/phantom-gx-2-elite-fg-low-top-soccer-cleats-lSxqH0/FJ2559-002,https://www.nike.com/t/phantom-gx-2-elite-fg-low-top-soccer-cleats-lSxqH0/FJ2559-002,FJ2559-002,archived_specs/canonical_40_live_html_captures/nike_phantom_gx_2_elite.html,archived_specs/canonical_40_live_pdf_captures/nike_phantom_gx_2_elite.pdf,archived_specs/canonical_40_screenshots/nike_phantom_gx_2_elite.png,,captured_cleanly
Adidas X Crazyfast.1,Adidas,Soccer,https://www.adidas.com/us/x-crazyfast.1-brazil-firm-ground-soccer-cleats/IF3549.html,https://www.adidas.com/us/x-crazyfast.1-brazil-firm-ground-soccer-cleats/IF3549.html,2026-03-30,official_exact_pdp,Exact adidas X Crazyfast.1 product page recovered. Local HTML/PDF/screenshot capture completed. Local HTML/PDF/screenshot captures are archived in archived_specs for the Phase 1 provenance-hardening pass. Local HTML/PDF/screenshot capture completed. Local HTML/PDF/screenshot captures are archived in archived_specs for the Phase 1 provenance-hardening pass.,"Released dataset price was coded from a public listing during March 2026; the recovered page may now show a later markdown, a regional listing, or a colorway-specific SKU.","Screening stored reference mass anchored to comparable soccer footwear using Speedskin synthetic, Foam, and Rubber construction.",Moderate-use screening assumption for versatile athletic footwear or lighter lifestyle/cleated constructions.,official_exact_pdp,https://www.adidas.com/us/x-crazyfast.1-brazil-firm-ground-soccer-cleats/IF3549.html,https://www.adidas.com/us/x-crazyfast.1-brazil-firm-ground-soccer-cleats/IF3549.html,,archived_specs/canonical_40_live_html_captures/adidas_x_crazyfast_1.html,archived_specs/canonical_40_live_pdf_captures/adidas_x_crazyfast_1.pdf,archived_specs/canonical_40_screenshots/adidas_x_crazyfast_1.png,,captured_cleanly
Mizuno Morelia Neo IV,Mizuno,Soccer,https://usa.mizuno.com/soccer-morelia-neo-iv-beta-elite?sku=54031110001200,https://usa.mizuno.com/soccer-morelia-neo-iv-beta-elite?sku=54031110001200,2026-03-30,official_exact_pdp,Official Mizuno Morelia Neo IV product-family page used because the reconstructed public page surfaced the Pro/all-surface variant rather than a single Elite firm-ground SKU. Upgraded from a product-family page to a live exact Mizuno PDP for the Morelia Neo IV Beta Elite FG KL variant. Local HTML/PDF/screenshot capture completed. Local HTML/PDF/screenshot captures are archived in archived_specs for the Phase 1 provenance-hardening pass. Upgraded from a product-family page to a live exact Mizuno PDP for the Morelia Neo IV Beta Elite FG KL variant. Local HTML/PDF/screenshot capture completed. Local HTML/PDF/screenshot captures are archived in archived_specs for the Phase 1 provenance-hardening pass.,"Released dataset price was coded from a public listing during March 2026; the recovered page may now show a later markdown, a regional listing, or a colorway-specific SKU.","Screening stored reference mass anchored to comparable soccer footwear using K-Leather, Foam, and Rubber construction.",Longer-life screening assumption for sturdier performance or partial-/full-leather constructions.,official_exact_pdp,https://usa.mizuno.com/soccer-morelia-neo-iv-beta-elite?sku=54031110001200,https://usa.mizuno.com/soccer-morelia-neo-iv-beta-elite?sku=54031110001200,54031110001200,archived_specs/canonical_40_live_html_captures/mizuno_morelia_neo_iv.html,archived_specs/canonical_40_live_pdf_captures/mizuno_morelia_neo_iv.pdf,archived_specs/canonical_40_screenshots/mizuno_morelia_neo_iv.png,,captured_cleanly
Puma King Ultimate,Puma,Soccer,https://us.puma.com/us/en/pd/king-ultimate-fg-ag-football-boots-unisex/108303,https://us.puma.com/us/en/pd/king-ultimate-fg-ag-football-boots-unisex/108303,2026-03-30,official_exact_pdp,Exact PUMA King Ultimate product page recovered. Updated to a current English-language PUMA exact PDP after the earlier Spanish URL timed out in automated capture. Local HTML/PDF/screenshot capture completed. Local HTML/PDF/screenshot captures are archived in archived_specs for the Phase 1 provenance-hardening pass. Updated to a current English-language PUMA exact PDP after the earlier Spanish URL timed out in automated capture. Local HTML/PDF/screenshot capture completed. Local HTML/PDF/screenshot captures are archived in archived_specs for the Phase 1 provenance-hardening pass.,"Released dataset price was coded from a public listing during March 2026; the recovered page may now show a later markdown, a regional listing, or a colorway-specific SKU.","Screening stored reference mass anchored to comparable soccer footwear using K-Leather, Foam, and Rubber construction.",Longer-life screening assumption for sturdier performance or partial-/full-leather constructions.,official_exact_pdp,https://us.puma.com/us/en/pd/king-ultimate-fg-ag-football-boots-unisex/108303,https://us.puma.com/us/en/pd/king-ultimate-fg-ag-football-boots-unisex/108303,108303_01,archived_specs/canonical_40_live_html_captures/puma_king_ultimate.html,archived_specs/canonical_40_live_pdf_captures/puma_king_ultimate.pdf,archived_specs/canonical_40_screenshots/puma_king_ultimate.png,,captured_cleanly
New Balance Tekela v4+,New Balance,Soccer,https://www.newbalance.com/pd/tekela-pro-low-fg-v4plus/ST1FLV45-45342.html,https://www.newbalance.com/pd/tekela-pro-low-fg-v4plus/ST1FLV45-45342.html,2026-03-30,official_exact_pdp,Exact New Balance Tekela Pro Low FG v4+ product page recovered. Local HTML/PDF/screenshot capture completed. Local HTML/PDF/screenshot captures are archived in archived_specs for the Phase 1 provenance-hardening pass. Local HTML/PDF/screenshot capture completed. Local HTML/PDF/screenshot captures are archived in archived_specs for the Phase 1 provenance-hardening pass.,"Released dataset price was coded from a public listing during March 2026; the recovered page may now show a later markdown, a regional listing, or a colorway-specific SKU.","Screening stored reference mass anchored to comparable soccer footwear using Hypoknit, Foam, and Rubber construction.",Moderate-use screening assumption for versatile athletic footwear or lighter lifestyle/cleated constructions.,official_exact_pdp,https://www.newbalance.com/pd/tekela-pro-low-fg-v4plus/ST1FLV45-45342.html,https://www.newbalance.com/pd/tekela-pro-low-fg-v4plus/ST1FLV45-45342.html,,archived_specs/canonical_40_live_html_captures/new_balance_tekela_v4.html,archived_specs/canonical_40_live_pdf_captures/new_balance_tekela_v4.pdf,archived_specs/canonical_40_screenshots/new_balance_tekela_v4.png,,captured_cleanly
Nike Book 1,Nike,Basketball,https://www.nike.com/t/book-1-scorpion-basketball-shoes-FxlwhV/HJ4388-001,https://www.nike.com/t/book-1-scorpion-basketball-shoes-FxlwhV/HJ4388-001,2026-03-29,official_exact_pdp,Exact Nike Book 1 product page recovered from the archived-specs workflow.,Pilot dataset uses the current public list price captured from the resolved official PDP; later markdowns may differ.,"Pilot stored reference mass anchored to comparable basketball footwear with partial-leather forefoot, foam + Air Zoom midsole, and rubber outsole construction.",Longer-life basketball screening assumption reflecting leather-assisted upper durability relative to purely textile peers.,,,,,,,,,
Puma MB.04,Puma,Basketball,https://us.puma.com/us/en/pd/mb.04-team-mens-basketball-shoes/312174?swatch=01,https://us.puma.com/us/en/pd/mb.04-team-mens-basketball-shoes/312174?swatch=01,2026-03-29,official_exact_pdp,Exact PUMA MB.04 product page recovered from the archived-specs workflow.,Pilot dataset uses the current public list price captured from the resolved official PDP; later markdowns may differ.,"Pilot stored reference mass anchored to comparable basketball footwear using a double-layered mesh upper, NITROFOAM midsole, and rubber outsole construction.",Standard basketball screening assumption for synthetic performance footwear.,,,,,,,,,
Nike Dunk Low,Nike,Casual,https://www.nike.com/t/dunk-low-womens-shoes-MzZlKQ/DD1503-101,https://www.nike.com/t/dunk-low-womens-shoes-MzZlKQ/DD1503-101,2026-03-29,official_exact_pdp,Exact Nike Dunk Low product page recovered from the archived-specs workflow.,Pilot dataset uses the current public list price basis from the resolved official PDP; the live page may also surface markdowns on some colorways.,Pilot stored reference mass anchored to comparable full-leather casual sneakers using a foam midsole and rubber outsole construction.,Multi-year casual-use screening assumption for durable leather sneaker construction.,,,,,,,,,
New Balance Fresh Foam BB v3,New Balance,Basketball,https://www.newbalance.com/pd/fresh-foam-bb-v3/BBFRSV3-48320.html?dwvar_BBFRSV3-48320_style=BBFRSSB3,https://www.newbalance.com/pd/fresh-foam-bb-v3/BBFRSV3-48320.html?dwvar_BBFRSV3-48320_style=BBFRSSB3,2026-03-29,official_exact_pdp,Resolved official New Balance product page used for New Balance Fresh Foam BB v3; source trail preserved through the archived-specs workflow.,Fast-path dataset uses the current public price captured from the resolved official source (`129.99` USD basis) and keeps that screening value fixed for reproducibility.,"Fast-path reference mass anchored to comparable basketball footwear using a breathable mesh upper, Fresh Foam X midsole, and rubber outsole construction; the current official snippet did not surface a stable disclosed weight.",Moderate-use screening assumption for versatile basketball performance footwear.,,,,,,,,,
Nike Ja 2,Nike,Basketball,https://www.nike.com/t/ja-2-basketball-shoes-eoSxxRXK/HQ8513-002,https://www.nike.com/t/ja-2-basketball-shoes-eoSxxRXK/HQ8513-002,2026-03-29,official_exact_pdp,Resolved official Nike product page used for Nike Ja 2; source trail preserved through the archived-specs workflow.,Fast-path dataset uses the current public price captured from the resolved official source (`125.00` USD basis) and keeps that screening value fixed for reproducibility.,"Fast-path reference mass anchored to comparable basketball footwear using a textile upper, lightweight foam, forefoot Air Zoom, and rubber outsole construction.",Moderate-use screening assumption for versatile basketball performance footwear.,,,,,,,,,
Under Armour Curry Fox 1,Under Armour,Basketball,https://www.underarmour.com/en-us/p/curry_brand_shoes_and_gear/curry_fox_1_gamer_unisex_basketball_shoes/6001920.html,https://www.underarmour.com/en-us/p/curry_brand_shoes_and_gear/curry_fox_1_gamer_unisex_basketball_shoes/6001920.html,2026-03-29,official_exact_pdp,Resolved official Under Armour product page used for Under Armour Curry Fox 1; source trail preserved through the archived-specs workflow.,Fast-path dataset uses the current public price captured from the resolved official source (`120.00` USD basis) and keeps that screening value fixed for reproducibility.,"Fast-path reference mass anchored to comparable basketball footwear using a lightweight strapped upper, Flow-type midsole architecture, and rubber traction elements.",Moderate-use screening assumption for versatile basketball performance footwear.,,,,,,,,,
Adidas Samba OG,Adidas,Casual,https://www.adidas.com/us/samba-og-shoes/B75806.html,https://www.adidas.com/us/samba-og-shoes/B75806.html,2026-03-29,official_exact_pdp,Resolved official Adidas product page used for Adidas Samba OG; source trail preserved through the archived-specs workflow.,Fast-path dataset uses the current public price captured from the resolved official source (`100.00` USD basis) and keeps that screening value fixed for reproducibility.,"Fast-path reference mass anchored to comparable casual footwear using a leather upper with suede overlays, a low-profile foam midsole, and a rubber outsole construction.",Extended casual-use screening assumption for durable leather lifestyle sneakers.,,,,,,,,,
Nike Cortez,Nike,Casual,https://www.nike.com/t/cortez-womens-shoes-BzFUQybc,https://www.nike.com/t/cortez-womens-shoes-BzFUQybc,2026-03-29,official_exact_pdp,Resolved official Nike product page used for Nike Cortez; source trail preserved through the archived-specs workflow.,Fast-path dataset uses the current public price captured from the resolved official source (`105.00` USD basis) and keeps that screening value fixed for reproducibility.,"Fast-path reference mass anchored to comparable casual footwear using a leather upper, foam midsole, and rubber outsole construction.",Extended casual-use screening assumption for durable leather lifestyle sneakers.,,,,,,,,,
Vans Knu Skool,Vans,Casual,https://www.vans.com/en-us/shoes-c00081/knu-skool-shoe-pvn0009qc6bt?variant=vn%3A0009qc%3A6bt%3A060%3Am%3A1%3A,https://www.vans.com/en-us/shoes-c00081/knu-skool-shoe-pvn0009qc6bt?variant=vn%3A0009qc%3A6bt%3A060%3Am%3A1%3A,2026-03-29,official_exact_pdp,Resolved official Vans product page used for Vans Knu Skool; source trail preserved through the archived-specs workflow.,Fast-path dataset uses the resolved official-source price anchor adopted during the 2026-03-29 expansion workflow (`85.00` USD screening basis); the live page did not preserve a clean USD MSRP field in the scaffold.,"Fast-path reference mass anchored to comparable casual footwear using a suede upper, padded collar, foam interior, and vulcanized rubber outsole construction.",Longer-life casual screening assumption for suede-heavy skate-inspired lifestyle footwear.,,,,,,,,,
ASICS Gel-Nimbus 27,ASICS,Running,https://www.asics.com/us/en-us/product/gel-nimbus-27/p/ANA_1011B958-004.html,https://www.asics.com/us/en-us/product/gel-nimbus-27/p/ANA_1011B958-004.html,2026-03-29,official_exact_pdp,Resolved official ASICS product page used for ASICS Gel-Nimbus 27; source trail preserved through the archived-specs workflow.,Fast-path dataset uses the current public price captured from the resolved official source (`165.00` USD basis) and keeps that screening value fixed for reproducibility.,Fast-path reference mass anchored to the current official disclosed shoe weight carried forward in the existing dataset's running-weight convention.,Daily-use screening assumption for high-mileage performance footwear.,,,,,,,,,
ASICS Novablast 5,ASICS,Running,https://www.asics.com/us/en-us/novablast--5/p/ANA_1011B974-004.html,https://www.asics.com/us/en-us/novablast--5/p/ANA_1011B974-004.html,2026-03-29,official_exact_pdp,Resolved official ASICS product page used for ASICS Novablast 5; source trail preserved through the archived-specs workflow.,Fast-path dataset uses the current public price captured from the resolved official source (`150.00` USD basis) and keeps that screening value fixed for reproducibility.,Fast-path reference mass anchored to the current official disclosed shoe weight carried forward in the existing dataset's running-weight convention.,Daily-use screening assumption for high-mileage performance footwear.,,,,,,,,,
Brooks Glycerin 22,Brooks,Running,https://www.brooksrunning.com/en_us/mens/shoes/road-running-shoes/glycerin-22/110445.html,https://www.brooksrunning.com/en_us/mens/shoes/road-running-shoes/glycerin-22/110445.html,2026-03-29,official_exact_pdp,Resolved official Brooks product page used for Brooks Glycerin 22; source trail preserved through the archived-specs workflow.,Fast-path dataset uses the current public price captured from the resolved official source (`165.00` USD basis) and keeps that screening value fixed for reproducibility.,Fast-path reference mass anchored to the current official disclosed shoe weight carried forward in the existing dataset's running-weight convention.,Daily-use screening assumption for high-mileage performance footwear.,,,,,,,,,
Hoka Bondi 9,Hoka,Running,https://au.hoka.com/products/m-bondi-9-1162011-wblc-wblc,https://au.hoka.com/products/m-bondi-9-1162011-wblc-wblc,2026-03-29,official_regional_pdp,Resolved official regional Hoka PDP used for Hoka Bondi 9; it acts as the current best official proxy within the archived-specs workflow.,Fast-path dataset uses the resolved official-source price anchor adopted during the 2026-03-29 expansion workflow (`175.00` USD screening basis); the live page did not preserve a clean USD MSRP field in the scaffold.,Fast-path reference mass anchored to the current official disclosed shoe weight carried forward in the existing dataset's running-weight convention.,Daily-use screening assumption for high-mileage performance footwear.,,,,,,,,,
Hoka Mach 6,Hoka,Running,https://au.hoka.com/products/m-mach-6-1147790-bngh-bngh,https://au.hoka.com/products/m-mach-6-1147790-bngh-bngh,2026-03-29,official_regional_pdp,Resolved official regional Hoka PDP used for Hoka Mach 6; it acts as the current best official proxy within the archived-specs workflow.,Fast-path dataset uses the resolved official-source price anchor adopted during the 2026-03-29 expansion workflow (`140.00` USD screening basis); the live page did not preserve a clean USD MSRP field in the scaffold.,Fast-path reference mass anchored to the current official disclosed shoe weight carried forward in the existing dataset's running-weight convention.,Daily-use screening assumption for high-mileage performance footwear.,,,,,,,,,
Nike Vomero 18,Nike,Running,https://www.nike.com/t/vomero-18-mens-road-running-shoes-NzWnvcC8/HM6803-005,https://www.nike.com/t/vomero-18-mens-road-running-shoes-NzWnvcC8/HM6803-005,2026-03-29,official_exact_pdp,Resolved official Nike product page used for Nike Vomero 18; source trail preserved through the archived-specs workflow.,Fast-path dataset uses the current public price captured from the resolved official source (`155.00` USD basis) and keeps that screening value fixed for reproducibility.,Fast-path reference mass anchored to the current official disclosed shoe weight carried forward in the existing dataset's running-weight convention.,Daily-use screening assumption for high-mileage performance footwear.,,,,,,,,,
On Cloudsurfer 2,On,Running,https://www.on.com/en-us/products/cloudsurfer-2-3mf1012/,https://www.on.com/en-us/products/cloudsurfer-2-3mf1012/,2026-03-29,official_collection_page,Resolved official On model-family or collection page used for On Cloudsurfer 2; exact single-SKU archival remains incomplete.,Fast-path dataset uses the current public price captured from the resolved official source (`160.00` USD basis) and keeps that screening value fixed for reproducibility.,Fast-path reference mass anchored to the current official disclosed shoe weight carried forward in the existing dataset's running-weight convention.,Daily-use screening assumption for high-mileage performance footwear.,,,,,,,,,
Adidas F50 Elite,Adidas,Soccer,https://www.adidas.com/us/f50-f50_elite-soccer-firm_ground,https://www.adidas.com/us/f50-f50_elite-soccer-firm_ground,2026-03-29,official_collection_page,Resolved official Adidas model-family or collection page used for Adidas F50 Elite; exact single-SKU archival remains incomplete.,Fast-path dataset uses the current public price captured from the resolved official source (`260.00` USD basis) and keeps that screening value fixed for reproducibility.,Fast-path reference mass anchored to comparable elite speed boots using a lightweight synthetic upper and rubberized firm-ground outsole construction.,Moderate-use screening assumption for elite synthetic soccer footwear.,,,,,,,,,
New Balance 442 v2 Team,New Balance,Soccer,https://www.newbalance.com/pd/442-v2-team-fg/MS42FWT2-D-095.html,https://www.newbalance.com/pd/442-v2-team-fg/MS42FWT2-D-095.html,2026-03-29,official_exact_pdp,Resolved official New Balance product page used for New Balance 442 v2 Team; source trail preserved through the archived-specs workflow.,Fast-path dataset uses the current public price captured from the resolved official source (`99.99` USD basis) and keeps that screening value fixed for reproducibility.,Fast-path reference mass anchored to comparable full-leather soccer footwear using a premium leather upper and lightweight plate/outsole construction.,Longer-life screening assumption for sturdier leather soccer footwear.,,,,,,,,,
Nike Mercurial Vapor 16 Elite,Nike,Soccer,https://www.nike.com/t/united-mercurial-vapor-16-elite-firm-ground-low-top-soccer-cleats-aF5hbEJb/FQ8683-801,https://www.nike.com/t/united-mercurial-vapor-16-elite-firm-ground-low-top-soccer-cleats-aF5hbEJb/FQ8683-801,2026-03-29,official_exact_pdp,Resolved official Nike product page used for Nike Mercurial Vapor 16 Elite; source trail preserved through the archived-specs workflow.,Fast-path dataset uses the current public price captured from the resolved official source (`280.00` USD basis) and keeps that screening value fixed for reproducibility.,"Fast-path reference mass anchored to comparable elite speed boots using a knit-based synthetic upper, Air Zoom platform, and lightweight outsole construction.",Moderate-use screening assumption for elite synthetic soccer footwear.,,,,,,,,,
Puma Ultra 5 Ultimate,Puma,Soccer,https://us.puma.com/us/en/pd/ultra-5-ultimate-firm-ground-mens-soccer-cleats/108159,https://us.puma.com/us/en/pd/ultra-5-ultimate-firm-ground-mens-soccer-cleats/108159,2026-03-29,official_exact_pdp,Resolved official Puma product page used for Puma Ultra 5 Ultimate; source trail preserved through the archived-specs workflow.,Fast-path dataset uses the current public price captured from the resolved official source (`230.00` USD basis) and keeps that screening value fixed for reproducibility.,"Fast-path reference mass anchored to comparable elite speed boots using a thin synthetic support skin, PWRTAPE frame, and lightweight outsole construction.",Moderate-use screening assumption for elite synthetic soccer footwear.,,,,,,,,,
